,pd_c,pd_nm,clac_hlv_nm,clac_mcls_nm,l_pd,m_pd
0,PD0001,소파,가구,거실가구,L0001,M0008
1,PD0002,스툴/리빙의자,가구,거실가구,L0001,M0008
2,PD0003,탁자,가구,거실가구,L0001,M0008
3,PD0004,장식장/진열장,가구,거실가구,L0001,M0008
4,PD0005,기타가구,가구,기타가구,L0001,M0038
5,PD0006,책상,가구,사무용/학생용가구,L0001,M0131
6,PD0007,책상의자,가구,사무용/학생용가구,L0001,M0131
7,PD0008,책장,가구,사무용/학생용가구,L0001,M0131
8,PD0009,사무용/학생용가구세트,가구,사무용/학생용가구,L0001,M0131
9,PD0010,선반장/행거,가구,수납가구,L0001,M0153
10,PD0011,서랍장/수납장,가구,수납가구,L0001,M0153
11,PD0012,신발장,가구,수납가구,L0001,M0153
12,PD0013,시공가구,가구,시공/DIY가구,L0001,M0171
13,PD0014,DIY가구,가구,시공/DIY가구,L0001,M0171
14,PD0015,야외의자/벤치,가구,야외용가구,L0001,M0187
15,PD0016,유아동침대,가구,유아동가구,L0001,M0240
16,PD0017,유아동옷장,가구,유아동가구,L0001,M0240
17,PD0018,유아동수납장,가구,유아동가구,L0001,M0240
18,PD0019,유아동의자,가구,유아동가구,L0001,M0240
19,PD0020,유아공부상/디딤대,가구,유아동가구,L0001,M0240
20,PD0021,식탁,가구,주방가구,L0001,M0295
21,PD0022,식탁의자,가구,주방가구,L0001,M0295
22,PD0023,식탁세트,가구,주방가구,L0001,M0295
23,PD0024,주방수납장,가구,주방가구,L0001,M0295
24,PD0025,침대,가구,침실가구,L0001,M0313
25,PD0026,침실가구세트,가구,침실가구,L0001,M0313
26,PD0027,매트리스,가구,침실가구,L0001,M0313
27,PD0028,협탁,가구,침실가구,L0001,M0313
28,PD0029,화장대,가구,침실가구,L0001,M0313
29,PD0030,장롱,가구,침실가구,L0001,M0313
30,PD0031,붙박이장,가구,침실가구,L0001,M0313
31,PD0032,운동보조식품,건강식품,건강보조식품,L0002,M0011
32,PD0033,다이어트보조식품,건강식품,건강보조식품,L0002,M0011
33,PD0034,미용보조식품,건강식품,건강보조식품,L0002,M0011
34,PD0035,건강보조식품세트,건강식품,건강보조식품,L0002,M0011
35,PD0036,과일즙,건강식품,건강진액,L0002,M0012
36,PD0037,채소즙,건강식품,건강진액,L0002,M0012
37,PD0038,혼합즙,건강식품,건강진액,L0002,M0012
38,PD0039,발효원액,건강식품,건강진액,L0002,M0012
39,PD0040,로열제리,건강식품,꿀,L0002,M0048
40,PD0041,토종꿀,건강식품,꿀,L0002,M0048
41,PD0042,양봉꿀,건강식품,꿀,L0002,M0048
42,PD0043,꿀세트,건강식품,꿀,L0002,M0048
43,PD0044,종합영양제,건강식품,영양제,L0002,M0223
44,PD0045,일반비타민,건강식품,영양제,L0002,M0223
45,PD0046,발포비타민,건강식품,영양제,L0002,M0223
46,PD0047,오메가3/기타추출오일,건강식품,영양제,L0002,M0223
47,PD0048,칼슘/미네랄,건강식품,영양제,L0002,M0223
48,PD0049,엽산/철분,건강식품,영양제,L0002,M0223
49,PD0050,자연유래영양제,건강식품,영양제,L0002,M0223
50,PD0051,유산균/프로바이오틱스,건강식품,영양제,L0002,M0223
51,PD0052,글루코사민,건강식품,영양제,L0002,M0223
52,PD0053,루테인,건강식품,영양제,L0002,M0223
53,PD0054,기타영양제,건강식품,영양제,L0002,M0223
54,PD0055,영양제세트,건강식품,영양제,L0002,M0223
55,PD0056,홍삼근,건강식품,홍삼/인삼가공식품,L0002,M0348
56,PD0057,홍삼액,건강식품,홍삼/인삼가공식품,L0002,M0348
57,PD0058,홍삼정/분말/환,건강식품,홍삼/인삼가공식품,L0002,M0348
58,PD0059,홍삼절편,건강식품,홍삼/인삼가공식품,L0002,M0348
59,PD0060,홍삼세트,건강식품,홍삼/인삼가공식품,L0002,M0348
60,PD0061,인삼가공식품,건강식품,홍삼/인삼가공식품,L0002,M0348
61,PD0062,어린이홍삼,건강식품,홍삼/인삼가공식품,L0002,M0348
62,PD0063,홍삼/인삼혼합세트,건강식품,홍삼/인삼가공식품,L0002,M0348
63,PD0064,안마의자,건강용품,건강가전,L0003,M0009
64,PD0065,족욕기,건강용품,건강가전,L0003,M0009
65,PD0066,녹즙기/원액기,건강용품,건강가전,L0003,M0009
66,PD0067,향초,건강용품,건강관리용품,L0003,M0010
67,PD0068,디퓨저,건강용품,건강관리용품,L0003,M0010
68,PD0069,기타아로마용품,건강용품,건강관리용품,L0003,M0010
69,PD0070,간병/시니어생활편리용품,건강용품,건강관리용품,L0003,M0010
70,PD0071,보호대/보행보조용품,건강용품,건강관리용품,L0003,M0010
71,PD0072,물리치료/의료기용품,건강용품,건강관리용품,L0003,M0010
72,PD0073,체온계,건강용품,건강측정용품,L0003,M0013
73,PD0074,체중계/신장계,건강용품,건강측정용품,L0003,M0013
74,PD0075,혈당계/혈압계,건강용품,건강측정용품,L0003,M0013
75,PD0076,기타건강측정용품,건강용품,건강측정용품,L0003,M0013
76,PD0077,온/냉찜질용품,건강용품,안마/찜질용품,L0003,M0181
77,PD0078,손난로/핫팩,건강용품,안마/찜질용품,L0003,M0181
78,PD0079,안마용품,건강용품,안마/찜질용품,L0003,M0181
79,PD0080,안전상비의약외품,건강용품,일반의약외품,L0003,M0268
80,PD0081,콘돔,건강용품,일반의약외품,L0003,M0268
81,PD0082,건강마스크,건강용품,일반의약외품,L0003,M0268
82,PD0083,밴드류,건강용품,일반의약외품,L0003,M0268
83,PD0084,렌즈관리용품,건강용품,일반의약외품,L0003,M0268
84,PD0085,임신/배란테스트기,건강용품,일반의약외품,L0003,M0268
85,PD0086,기타,건강용품,일반의약외품,L0003,M0268
86,PD0087,안전상비의약품,건강용품,일반의약품,L0003,M0269
87,PD0088,안전상비의약품세트,건강용품,일반의약품,L0003,M0269
88,PD0089,국물용건멸치,건해산물,건어물,L0004,M0016
89,PD0090,볶음조림용건멸치,건해산물,건어물,L0004,M0016
90,PD0091,건새우,건해산물,건어물,L0004,M0016
91,PD0092,건홍합,건해산물,건어물,L0004,M0016
92,PD0093,건오징어,건해산물,건어물,L0004,M0016
93,PD0094,한치오징어,건해산물,건어물,L0004,M0016
94,PD0095,조미오징어,건해산물,건어물,L0004,M0016
95,PD0096,훈제/구이오징어,건해산물,건어물,L0004,M0016
96,PD0097,쥐치포,건해산물,건어물,L0004,M0016
97,PD0098,어포류,건해산물,건어물,L0004,M0016
98,PD0099,황태/북어류,건해산물,건어물,L0004,M0016
99,PD0100,황태채,건해산물,건어물,L0004,M0016
100,PD0101,어포채류,건해산물,건어물,L0004,M0016
101,PD0102,원물천연조미료,건해산물,건어물,L0004,M0016
102,PD0103,멸치선물세트,건해산물,건해산물선물세트,L0004,M0017
103,PD0104,김선물세트,건해산물,건해산물선물세트,L0004,M0017
104,PD0105,굴비선물세트,건해산물,건해산물선물세트,L0004,M0017
105,PD0106,반건생선선물세트,건해산물,건해산물선물세트,L0004,M0017
106,PD0107,기타건해산물선물세트,건해산물,건해산물선물세트,L0004,M0017
107,PD0108,굴비류,건해산물,반건생선,L0004,M0111
108,PD0109,과메기,건해산물,반건생선,L0004,M0111
109,PD0110,코다리,건해산물,반건생선,L0004,M0111
110,PD0111,반건오징어,건해산물,반건생선,L0004,M0111
111,PD0112,반건생선류,건해산물,반건생선,L0004,M0111
112,PD0113,마른김,건해산물,해조류,L0004,M0338
113,PD0114,조미전장김,건해산물,해조류,L0004,M0338
114,PD0115,조미도시락김,건해산물,해조류,L0004,M0338
115,PD0116,김자반/부각/튀각,건해산물,해조류,L0004,M0338
116,PD0117,건다시마,건해산물,해조류,L0004,M0338
117,PD0118,건미역,건해산물,해조류,L0004,M0338
118,PD0119,히터,계절가전,난방가전,L0005,M0051
119,PD0120,온풍기,계절가전,난방가전,L0005,M0051
120,PD0121,라디에이터,계절가전,난방가전,L0005,M0051
121,PD0122,전기요,계절가전,난방가전,L0005,M0051
122,PD0123,전기매트,계절가전,난방가전,L0005,M0051
123,PD0124,온수매트,계절가전,난방가전,L0005,M0051
124,PD0125,기타난방가전,계절가전,난방가전,L0005,M0051
125,PD0126,스탠드형에어컨,계절가전,냉방가전,L0005,M0081
126,PD0127,멀티형에어컨,계절가전,냉방가전,L0005,M0081
127,PD0128,벽걸이형에어컨,계절가전,냉방가전,L0005,M0081
128,PD0129,기타에어컨,계절가전,냉방가전,L0005,M0081
129,PD0130,선풍기,계절가전,냉방가전,L0005,M0081
130,PD0131,냉풍기,계절가전,냉방가전,L0005,M0081
131,PD0132,기타냉방가전,계절가전,냉방가전,L0005,M0081
132,PD0133,냉방가전소모품,계절가전,냉방가전,L0005,M0081
133,PD0134,수공구,공구/안전용품,공구,L0006,M0023
134,PD0135,전동공구,공구/안전용품,공구,L0006,M0023
135,PD0136,철물공구,공구/안전용품,공구,L0006,M0023
136,PD0137,페인트용품,공구/안전용품,보수용품,L0006,M0121
137,PD0138,장갑류,공구/안전용품,보수용품,L0006,M0121
138,PD0139,포장이사용품,공구/안전용품,보수용품,L0006,M0121
139,PD0140,접착제,공구/안전용품,보수용품,L0006,M0121
140,PD0141,후크류,공구/안전용품,보수용품,L0006,M0121
141,PD0142,보안용품,공구/안전용품,안전용품,L0006,M0183
142,PD0143,화재안전용품,공구/안전용품,안전용품,L0006,M0183
143,PD0144,금고,공구/안전용품,안전용품,L0006,M0183
144,PD0145,전기자재,공구/안전용품,전기용품,L0006,M0281
145,PD0146,멀티탭,공구/안전용품,전기용품,L0006,M0281
146,PD0147,건전지,공구/안전용품,전기용품,L0006,M0281
147,PD0148,충전지,공구/안전용품,전기용품,L0006,M0281
148,PD0149,곶감,과일,건과일,L0007,M0014
149,PD0150,건포도,과일,건과일,L0007,M0014
150,PD0151,건망고,과일,건과일,L0007,M0014
151,PD0152,기타건과일,과일,건과일,L0007,M0014
152,PD0153,밤,과일,견과류,L0007,M0019
153,PD0154,땅콩,과일,견과류,L0007,M0019
154,PD0155,호두,과일,견과류,L0007,M0019
155,PD0156,잣,과일,견과류,L0007,M0019
156,PD0157,마카다미아,과일,견과류,L0007,M0019
157,PD0158,피스타치오,과일,견과류,L0007,M0019
158,PD0159,아몬드,과일,견과류,L0007,M0019
159,PD0160,캐슈넛,과일,견과류,L0007,M0019
160,PD0161,혼합견과,과일,견과류,L0007,M0019
161,PD0162,기타견과류,과일,견과류,L0007,M0019
162,PD0163,사과선물세트,과일,과일선물세트,L0007,M0025
163,PD0164,배선물세트,과일,과일선물세트,L0007,M0025
164,PD0165,혼합과일선물세트,과일,과일선물세트,L0007,M0025
165,PD0166,곶감선물세트,과일,과일선물세트,L0007,M0025
166,PD0167,기타과일선물세트,과일,과일선물세트,L0007,M0025
167,PD0168,사과,과일,국산과일,L0007,M0032
168,PD0169,배,과일,국산과일,L0007,M0032
169,PD0170,감,과일,국산과일,L0007,M0032
170,PD0171,귤류,과일,국산과일,L0007,M0032
171,PD0172,유자/모과,과일,국산과일,L0007,M0032
172,PD0173,복숭아,과일,국산과일,L0007,M0032
173,PD0174,자두,과일,국산과일,L0007,M0032
174,PD0175,살구,과일,국산과일,L0007,M0032
175,PD0176,매실,과일,국산과일,L0007,M0032
176,PD0177,딸기,과일,국산과일,L0007,M0032
177,PD0178,포도,과일,국산과일,L0007,M0032
178,PD0179,무화과,과일,국산과일,L0007,M0032
179,PD0180,석류,과일,국산과일,L0007,M0032
180,PD0181,수박,과일,국산과일,L0007,M0032
181,PD0182,참외,과일,국산과일,L0007,M0032
182,PD0183,메론,과일,국산과일,L0007,M0032
183,PD0184,토마토,과일,국산과일,L0007,M0032
184,PD0185,방울토마토,과일,국산과일,L0007,M0032
185,PD0186,기타국산과일류,과일,국산과일,L0007,M0032
186,PD0187,냉동망고,과일,냉동과일,L0007,M0079
187,PD0188,냉동베리류,과일,냉동과일,L0007,M0079
188,PD0189,냉동홍시,과일,냉동과일,L0007,M0079
189,PD0190,기타냉동과일류,과일,냉동과일,L0007,M0079
190,PD0191,냉동채소,과일,냉동과일,L0007,M0079
191,PD0192,블루베리,과일,수입과일,L0007,M0161
192,PD0193,수입포도,과일,수입과일,L0007,M0161
193,PD0194,레몬,과일,수입과일,L0007,M0161
194,PD0195,망고,과일,수입과일,L0007,M0161
195,PD0196,망고스틴,과일,수입과일,L0007,M0161
196,PD0197,바나나,과일,수입과일,L0007,M0161
197,PD0198,아보카도,과일,수입과일,L0007,M0161
198,PD0199,오렌지,과일,수입과일,L0007,M0161
199,PD0200,용과,과일,수입과일,L0007,M0161
200,PD0201,자몽,과일,수입과일,L0007,M0161
201,PD0202,체리,과일,수입과일,L0007,M0161
202,PD0203,키위,과일,수입과일,L0007,M0161
203,PD0204,파인애플,과일,수입과일,L0007,M0161
204,PD0205,기타수입과일,과일,수입과일,L0007,M0161
205,PD0206,간편과일,과일,수입과일,L0007,M0161
206,PD0207,맛밤류,과자,간식/안주형과자,L0008,M0005
207,PD0208,안주용육포류,과자,간식/안주형과자,L0008,M0005
208,PD0209,기타간식/안주형과자,과자,간식/안주형과자,L0008,M0005
209,PD0210,과자세트,과자,과자세트,L0008,M0026
210,PD0211,전통과자세트,과자,과자세트,L0008,M0026
211,PD0212,사탕/캔디세트,과자,과자세트,L0008,M0026
212,PD0213,초콜릿세트,과자,과자세트,L0008,M0026
213,PD0214,일반껌,과자,껌,L0008,M0047
214,PD0215,기능성껌,과자,껌,L0008,M0047
215,PD0216,풍선껌,과자,껌,L0008,M0047
216,PD0217,크래커,과자,비스킷류,L0008,M0126
217,PD0218,쿠키,과자,비스킷류,L0008,M0126
218,PD0219,샌드,과자,비스킷류,L0008,M0126
219,PD0220,스틱과자,과자,비스킷류,L0008,M0126
220,PD0221,하드캔디,과자,사탕/캔디,L0008,M0133
221,PD0222,소프트캔디,과자,사탕/캔디,L0008,M0133
222,PD0223,젤리,과자,사탕/캔디,L0008,M0133
223,PD0224,양갱,과자,사탕/캔디,L0008,M0133
224,PD0225,캐러멜,과자,사탕/캔디,L0008,M0133
225,PD0226,토이캔디,과자,사탕/캔디,L0008,M0133
226,PD0227,기능성캔디,과자,사탕/캔디,L0008,M0133
227,PD0228,감자스낵,과자,스낵류,L0008,M0163
228,PD0229,고구마스낵,과자,스낵류,L0008,M0163
229,PD0230,옥수수스낵,과자,스낵류,L0008,M0163
230,PD0231,쌀스낵,과자,스낵류,L0008,M0163
231,PD0232,일반스낵,과자,스낵류,L0008,M0163
232,PD0233,영양바,과자,스낵류,L0008,M0163
233,PD0234,팝콘,과자,스낵류,L0008,M0163
234,PD0235,과일스낵,과자,스낵류,L0008,M0163
235,PD0236,한과,과자,전통과자류,L0008,M0284
236,PD0237,기타전통과자,과자,전통과자류,L0008,M0284
237,PD0238,판초콜릿,과자,초콜릿,L0008,M0309
238,PD0239,쉘초콜릿,과자,초콜릿,L0008,M0309
239,PD0240,바초콜릿,과자,초콜릿,L0008,M0309
240,PD0241,쿠키케이크,과자,파이류,L0008,M0329
241,PD0242,파이,과자,파이류,L0008,M0329
242,PD0243,골프채,구기/필드스포츠,골프,L0009,M0022
243,PD0244,골프채세트,구기/필드스포츠,골프,L0009,M0022
244,PD0245,골프공,구기/필드스포츠,골프,L0009,M0022
245,PD0246,골프화,구기/필드스포츠,골프,L0009,M0022
246,PD0247,골프필드용품,구기/필드스포츠,골프,L0009,M0022
247,PD0248,골프장갑,구기/필드스포츠,골프,L0009,M0022
248,PD0249,골프가방,구기/필드스포츠,골프,L0009,M0022
249,PD0250,골프패션잡화,구기/필드스포츠,골프,L0009,M0022
250,PD0251,골프연습장비,구기/필드스포츠,골프,L0009,M0022
251,PD0252,기타구기/필드스포츠용품,구기/필드스포츠,기타구기/필드스포츠,L0009,M0040
252,PD0253,농구공,구기/필드스포츠,농구,L0009,M0087
253,PD0254,농구복,구기/필드스포츠,농구,L0009,M0087
254,PD0255,농구화,구기/필드스포츠,농구,L0009,M0087
255,PD0256,기타농구용품,구기/필드스포츠,농구,L0009,M0087
256,PD0257,배구공,구기/필드스포츠,배구,L0009,M0113
257,PD0258,배드민턴라켓,구기/필드스포츠,배드민턴,L0009,M0114
258,PD0259,배드민턴셔틀콕,구기/필드스포츠,배드민턴,L0009,M0114
259,PD0260,배드민턴복,구기/필드스포츠,배드민턴,L0009,M0114
260,PD0261,배드민턴화,구기/필드스포츠,배드민턴,L0009,M0114
261,PD0262,기타배드민턴용품,구기/필드스포츠,배드민턴,L0009,M0114
262,PD0263,야구글러브,구기/필드스포츠,야구,L0009,M0186
263,PD0264,야구공,구기/필드스포츠,야구,L0009,M0186
264,PD0265,야구배트,구기/필드스포츠,야구,L0009,M0186
265,PD0266,기타야구용품,구기/필드스포츠,야구,L0009,M0186
266,PD0267,축구화,구기/필드스포츠,축구,L0009,M0310
267,PD0268,축구공,구기/필드스포츠,축구,L0009,M0310
268,PD0269,축구용보호대,구기/필드스포츠,축구,L0009,M0310
269,PD0270,축구양말,구기/필드스포츠,축구,L0009,M0310
270,PD0271,기타축구용품,구기/필드스포츠,축구,L0009,M0310
271,PD0272,축구복,구기/필드스포츠,축구,L0009,M0310
272,PD0273,탁구대,구기/필드스포츠,탁구,L0009,M0323
273,PD0274,탁구라켓,구기/필드스포츠,탁구,L0009,M0323
274,PD0275,탁구공,구기/필드스포츠,탁구,L0009,M0323
275,PD0276,기타탁구용품,구기/필드스포츠,탁구,L0009,M0323
276,PD0277,테니스라켓,구기/필드스포츠,테니스,L0009,M0325
277,PD0278,테니스공,구기/필드스포츠,테니스,L0009,M0325
278,PD0279,테니스화,구기/필드스포츠,테니스,L0009,M0325
279,PD0280,기타테니스용품,구기/필드스포츠,테니스,L0009,M0325
280,PD0281,기타보험,금융/보험서비스,보험,L0010,M0122
281,PD0282,봉투보증금,기타(비상품),기타,L0011,M0037
282,PD0283,기타,기타(비상품),기타,L0011,M0037
283,PD0284,컴퓨터/노트북기프트,기타(비상품),기프트,L0011,M0046
284,PD0285,렌탈수수료,기타(비상품),렌탈수수료,L0011,M0098
285,PD0286,유지보수품,기타(비상품),소모품,L0011,M0148
286,PD0287,공병/공박스,기타(비상품),용기보증금,L0011,M0231
287,PD0288,임대매출,기타(비상품),임대매출,L0011,M0270
288,PD0289,특판,기타상품,특판,L0012,M0328
289,PD0290,남성티셔츠,남성의류,남성의류상의,L0013,M0058
290,PD0291,남성정장셔츠,남성의류,남성의류상의,L0013,M0058
291,PD0292,남성남방셔츠,남성의류,남성의류상의,L0013,M0058
292,PD0293,남성베스트,남성의류,남성의류상의,L0013,M0058
293,PD0294,남성가디건,남성의류,남성의류상의,L0013,M0058
294,PD0295,남성스웨터/풀오버,남성의류,남성의류상의,L0013,M0058
295,PD0296,남성스웨트셔츠/후드/집업,남성의류,남성의류상의,L0013,M0058
296,PD0297,남성정장세트,남성의류,남성의류세트,L0013,M0059
297,PD0298,기타남성의류세트,남성의류,남성의류세트,L0013,M0059
298,PD0299,남성코트,남성의류,남성의류아우터,L0013,M0060
299,PD0300,남성정장재킷,남성의류,남성의류아우터,L0013,M0060
300,PD0301,남성캐주얼재킷,남성의류,남성의류아우터,L0013,M0060
301,PD0302,남성패딩,남성의류,남성의류아우터,L0013,M0060
302,PD0303,남성점퍼,남성의류,남성의류아우터,L0013,M0060
303,PD0304,남성사파리,남성의류,남성의류아우터,L0013,M0060
304,PD0305,남성트렌치코트,남성의류,남성의류아우터,L0013,M0060
305,PD0306,기타남성의류아우터,남성의류,남성의류아우터,L0013,M0060
306,PD0307,남성점프수트/오버롤,남성의류,남성의류전신,L0013,M0061
307,PD0308,남성정장바지,남성의류,남성의류하의,L0013,M0062
308,PD0309,남성캐주얼바지,남성의류,남성의류하의,L0013,M0062
309,PD0310,남성청바지,남성의류,남성의류하의,L0013,M0062
310,PD0311,남성패션트레이닝복,남성의류,남성특수목적의류,L0013,M0066
311,PD0312,남성학생복,남성의류,남성특수목적의류,L0013,M0066
312,PD0313,남성코스튬,남성의류,남성특수목적의류,L0013,M0066
313,PD0314,기타남성특수목적의류,남성의류,남성특수목적의류,L0013,M0066
314,PD0315,남성피혁의류,남성의류,남성특수소재의류,L0013,M0067
315,PD0316,냉동밥,냉동식품,냉동간편식,L0014,M0078
316,PD0317,냉동면,냉동식품,냉동간편식,L0014,M0078
317,PD0318,냉동만두,냉동식품,냉동간편식,L0014,M0078
318,PD0319,냉동피자,냉동식품,냉동간편식,L0014,M0078
319,PD0320,냉동핫도그,냉동식품,냉동간편식,L0014,M0078
320,PD0321,냉동튀김,냉동식품,냉동간편식,L0014,M0078
321,PD0322,냉동부침,냉동식품,냉동간편식,L0014,M0078
322,PD0323,냉동국탕류,냉동식품,냉동간편식,L0014,M0078
323,PD0324,냉동디저트,냉동식품,냉동간편식,L0014,M0078
324,PD0325,냉동떡볶이,냉동식품,냉동간편식,L0014,M0078
325,PD0326,기타냉동간편식,냉동식품,냉동간편식,L0014,M0078
326,PD0327,냉동간편식세트,냉동식품,냉동간편식,L0014,M0078
327,PD0328,바아이스크림,냉동식품,아이스크림,L0014,M0178
328,PD0329,튜브아이스크림,냉동식품,아이스크림,L0014,M0178
329,PD0330,콘아이스크림,냉동식품,아이스크림,L0014,M0178
330,PD0331,모나카,냉동식품,아이스크림,L0014,M0178
331,PD0332,컵아이스크림,냉동식품,아이스크림,L0014,M0178
332,PD0333,홈아이스크림,냉동식품,아이스크림,L0014,M0178
333,PD0334,아이스크림케이크,냉동식품,아이스크림,L0014,M0178
334,PD0335,얼음,냉동식품,아이스크림,L0014,M0178
335,PD0336,일반형냉장고,냉장/세탁가전,냉장/냉동고,L0015,M0082
336,PD0337,양문형냉장고,냉장/세탁가전,냉장/냉동고,L0015,M0082
337,PD0338,뚜껑형김치냉장고,냉장/세탁가전,냉장/냉동고,L0015,M0082
338,PD0339,스탠드형김치냉장고,냉장/세탁가전,냉장/냉동고,L0015,M0082
339,PD0340,업소용냉장고,냉장/세탁가전,냉장/냉동고,L0015,M0082
340,PD0341,기타냉장고,냉장/세탁가전,냉장/냉동고,L0015,M0082
341,PD0342,냉동고,냉장/세탁가전,냉장/냉동고,L0015,M0082
342,PD0343,냉장/냉동가전소모품,냉장/세탁가전,냉장/냉동고,L0015,M0082
343,PD0344,일반세탁기,냉장/세탁가전,세탁기,L0015,M0146
344,PD0345,드럼세탁기,냉장/세탁가전,세탁기,L0015,M0146
345,PD0346,건조기,냉장/세탁가전,세탁기,L0015,M0146
346,PD0347,세탁기소모품,냉장/세탁가전,세탁기,L0015,M0146
347,PD0348,냉장밥/죽,냉장식품,냉장간편식,L0016,M0083
348,PD0349,냉장면,냉장식품,냉장간편식,L0016,M0083
349,PD0350,냉장떡,냉장식품,냉장간편식,L0016,M0083
350,PD0351,냉장간편떡볶이,냉장식품,냉장간편식,L0016,M0083
351,PD0352,냉장장류,냉장식품,냉장간편식,L0016,M0083
352,PD0353,냉장드레싱,냉장식품,냉장간편식,L0016,M0083
353,PD0354,냉장핫도그/핫바류,냉장식품,냉장간편식,L0016,M0083
354,PD0355,냉장치킨족발류,냉장식품,냉장간편식,L0016,M0083
355,PD0356,냉장국탕류,냉장식품,냉장간편식,L0016,M0083
356,PD0357,냉장안주,냉장식품,냉장간편식,L0016,M0083
357,PD0358,기타냉장간편식,냉장식품,냉장간편식,L0016,M0083
358,PD0359,냉장커피차음료,냉장식품,냉장음료,L0016,M0084
359,PD0360,냉장과일야채음료,냉장식품,냉장음료,L0016,M0084
360,PD0361,냉장곡물견과음료,냉장식품,냉장음료,L0016,M0084
361,PD0362,푸딩/젤리,냉장식품,디저트,L0016,M0094
362,PD0363,빵/케이크,냉장식품,디저트,L0016,M0094
363,PD0364,어묵,냉장식품,어묵/맛살,L0016,M0193
364,PD0365,맛살,냉장식품,어묵/맛살,L0016,M0193
365,PD0366,곤약,냉장식품,어묵/맛살,L0016,M0193
366,PD0367,유부,냉장식품,어묵/맛살,L0016,M0193
367,PD0368,김밥재료세트,냉장식품,어묵/맛살,L0016,M0193
368,PD0369,절임반찬,냉장식품,포장반찬,L0016,M0332
369,PD0370,김치류,냉장식품,포장반찬,L0016,M0332
370,PD0371,조림반찬,냉장식품,포장반찬,L0016,M0332
371,PD0372,볶음반찬,냉장식품,포장반찬,L0016,M0332
372,PD0373,무침반찬,냉장식품,포장반찬,L0016,M0332
373,PD0374,젓갈,냉장식품,포장반찬,L0016,M0332
374,PD0375,단무지,냉장식품,포장반찬,L0016,M0332
375,PD0376,햄,냉장식품,햄/소시지,L0016,M0341
376,PD0377,햄선물세트,냉장식품,햄/소시지,L0016,M0341
377,PD0378,베이컨,냉장식품,햄/소시지,L0016,M0341
378,PD0379,소시지,냉장식품,햄/소시지,L0016,M0341
379,PD0380,수입담배,담배,일반담배,L0017,M0266
380,PD0381,국산담배,담배,일반담배,L0017,M0266
381,PD0382,담배관련용품,담배,일반담배,L0017,M0266
382,PD0383,전자담배용리필,담배,전자담배,L0017,M0283
383,PD0384,전자담배용기기/악세서리,담배,전자담배,L0017,M0283
384,PD0385,시가/기타특수담배,담배,특수담배,L0017,M0326
385,PD0386,국수,대용식,건면,L0018,M0015
386,PD0387,당면,대용식,건면,L0018,M0015
387,PD0388,파스타류,대용식,건면,L0018,M0015
388,PD0389,냉면,대용식,건면,L0018,M0015
389,PD0390,쌈/또띠아,대용식,건면,L0018,M0015
390,PD0391,건우동,대용식,건면,L0018,M0015
391,PD0392,기타건면,대용식,건면,L0018,M0015
392,PD0393,즉석카레짜장,대용식,레토르트,L0018,M0096
393,PD0394,즉석덮밥류,대용식,레토르트,L0018,M0096
394,PD0395,즉석밥,대용식,레토르트,L0018,M0096
395,PD0396,즉석컵밥,대용식,레토르트,L0018,M0096
396,PD0397,즉석죽,대용식,레토르트,L0018,M0096
397,PD0398,즉석스프,대용식,레토르트,L0018,M0096
398,PD0399,즉석누룽지,대용식,레토르트,L0018,M0096
399,PD0400,즉석면류,대용식,레토르트,L0018,M0096
400,PD0401,즉석국/찌개,대용식,레토르트,L0018,M0096
401,PD0402,기타레토르트,대용식,레토르트,L0018,M0096
402,PD0403,국물봉지라면,대용식,봉지라면,L0018,M0123
403,PD0404,비빔봉지라면,대용식,봉지라면,L0018,M0123
404,PD0405,분말카레짜장,대용식,분말조리식,L0018,M0125
405,PD0406,분말죽,대용식,분말조리식,L0018,M0125
406,PD0407,분말스프,대용식,분말조리식,L0018,M0125
407,PD0408,식빵,대용식,빵,L0018,M0128
408,PD0409,일반빵,대용식,빵,L0018,M0128
409,PD0410,호빵찐빵,대용식,빵,L0018,M0128
410,PD0411,일반시리얼,대용식,시리얼,L0018,M0172
411,PD0412,기능성시리얼,대용식,시리얼,L0018,M0172
412,PD0413,국물용기라면,대용식,용기라면,L0018,M0230
413,PD0414,비빔용기라면,대용식,용기라면,L0018,M0230
414,PD0415,휴대폰,모바일,모바일기기,L0019,M0102
415,PD0416,기타모바일기기,모바일,모바일기기,L0019,M0102
416,PD0417,모바일배터리/충전기,모바일,모바일액세서리,L0019,M0104
417,PD0418,이어폰/헤드폰,모바일,모바일액세서리,L0019,M0104
418,PD0419,케이스/보호필름,모바일,모바일액세서리,L0019,M0104
419,PD0420,기타모바일액세서리,모바일,모바일액세서리,L0019,M0104
420,PD0421,광학기기/과학상자,문구/사무용품,교육보조재,L0020,M0028
421,PD0422,놀이도구,문구/사무용품,교육보조재,L0020,M0028
422,PD0423,자석놀이,문구/사무용품,교육보조재,L0020,M0028
423,PD0424,지구의/지도,문구/사무용품,교육보조재,L0020,M0028
424,PD0425,기타교육보조재,문구/사무용품,교육보조재,L0020,M0028
425,PD0426,학습악기류,문구/사무용품,교육보조재,L0020,M0028
426,PD0427,다이어리,문구/사무용품,노트,L0020,M0086
427,PD0428,수첩메모,문구/사무용품,노트,L0020,M0086
428,PD0429,일반노트,문구/사무용품,노트,L0020,M0086
429,PD0430,초등노트,문구/사무용품,노트,L0020,M0086
430,PD0431,물감,문구/사무용품,미술용품,L0020,M0107
431,PD0432,색연필,문구/사무용품,미술용품,L0020,M0107
432,PD0433,파스텔,문구/사무용품,미술용품,L0020,M0107
433,PD0434,크레파스,문구/사무용품,미술용품,L0020,M0107
434,PD0435,붓,문구/사무용품,미술용품,L0020,M0107
435,PD0436,채색도구,문구/사무용품,미술용품,L0020,M0107
436,PD0437,스케치북,문구/사무용품,미술용품,L0020,M0107
437,PD0438,도화지/미술용지,문구/사무용품,미술용품,L0020,M0107
438,PD0439,색종이,문구/사무용품,미술용품,L0020,M0107
439,PD0440,조각/만들기용품,문구/사무용품,미술용품,L0020,M0107
440,PD0441,제본기,문구/사무용품,사무기기,L0020,M0130
441,PD0442,절단기,문구/사무용품,사무기기,L0020,M0130
442,PD0443,파쇄기,문구/사무용품,사무기기,L0020,M0130
443,PD0444,포스트잇,문구/사무용품,사무용지/서식지,L0020,M0132
444,PD0445,견출지/분류스티커,문구/사무용품,사무용지/서식지,L0020,M0132
445,PD0446,봉투류,문구/사무용품,사무용지/서식지,L0020,M0132
446,PD0447,서식지,문구/사무용품,사무용지/서식지,L0020,M0132
447,PD0448,라벨/전용지,문구/사무용품,사무용지/서식지,L0020,M0132
448,PD0449,복사용지,문구/사무용품,사무용지/서식지,L0020,M0132
449,PD0450,코팅필름,문구/사무용품,사무용지/서식지,L0020,M0132
450,PD0451,테이프,문구/사무용품,일반문구/사무용품,L0020,M0267
451,PD0452,풀,문구/사무용품,일반문구/사무용품,L0020,M0267
452,PD0453,펀치류,문구/사무용품,일반문구/사무용품,L0020,M0267
453,PD0454,스테이플러,문구/사무용품,일반문구/사무용품,L0020,M0267
454,PD0455,집게/클립,문구/사무용품,일반문구/사무용품,L0020,M0267
455,PD0456,칼/가위,문구/사무용품,일반문구/사무용품,L0020,M0267
456,PD0457,자/제도용품,문구/사무용품,일반문구/사무용품,L0020,M0267
457,PD0458,전자계산기,문구/사무용품,일반문구/사무용품,L0020,M0267
458,PD0459,싸인물/자석/압핀,문구/사무용품,일반문구/사무용품,L0020,M0267
459,PD0460,보드류,문구/사무용품,일반문구/사무용품,L0020,M0267
460,PD0461,파일/바인더,문구/사무용품,일반문구/사무용품,L0020,M0267
461,PD0462,서류정리용품,문구/사무용품,일반문구/사무용품,L0020,M0267
462,PD0463,책상정리용품,문구/사무용품,일반문구/사무용품,L0020,M0267
463,PD0464,독서대,문구/사무용품,일반문구/사무용품,L0020,M0267
464,PD0465,명함정리용품,문구/사무용품,일반문구/사무용품,L0020,M0267
465,PD0466,기타일반문구/사무용품,문구/사무용품,일반문구/사무용품,L0020,M0267
466,PD0467,문구세트,문구/사무용품,일반문구/사무용품,L0020,M0267
467,PD0468,앨범,문구/사무용품,파티/팬시용품,L0020,M0330
468,PD0469,패션스티커,문구/사무용품,파티/팬시용품,L0020,M0330
469,PD0470,편지지/편지봉투,문구/사무용품,파티/팬시용품,L0020,M0330
470,PD0471,카드,문구/사무용품,파티/팬시용품,L0020,M0330
471,PD0472,포장용품,문구/사무용품,파티/팬시용품,L0020,M0330
472,PD0473,쇼핑백,문구/사무용품,파티/팬시용품,L0020,M0330
473,PD0474,불꽃놀이,문구/사무용품,파티/팬시용품,L0020,M0330
474,PD0475,파티장식/소품,문구/사무용품,파티/팬시용품,L0020,M0330
475,PD0476,풍선,문구/사무용품,파티/팬시용품,L0020,M0330
476,PD0477,크리스마스용품,문구/사무용품,파티/팬시용품,L0020,M0330
477,PD0478,할로윈용품,문구/사무용품,파티/팬시용품,L0020,M0330
478,PD0479,화투/카드,문구/사무용품,파티/팬시용품,L0020,M0330
479,PD0480,기타파티/팬시용품,문구/사무용품,파티/팬시용품,L0020,M0330
480,PD0481,연필,문구/사무용품,필기도구,L0020,M0336
481,PD0482,볼펜,문구/사무용품,필기도구,L0020,M0336
482,PD0483,만년필,문구/사무용품,필기도구,L0020,M0336
483,PD0484,매직/보드마카,문구/사무용품,필기도구,L0020,M0336
484,PD0485,형광펜,문구/사무용품,필기도구,L0020,M0336
485,PD0486,사인펜,문구/사무용품,필기도구,L0020,M0336
486,PD0487,샤프/샤프심,문구/사무용품,필기도구,L0020,M0336
487,PD0488,필통,문구/사무용품,필기도구,L0020,M0336
488,PD0489,연필깎이,문구/사무용품,필기도구,L0020,M0336
489,PD0490,수정용품,문구/사무용품,필기도구,L0020,M0336
490,PD0491,필기도구소모품,문구/사무용품,필기도구,L0020,M0336
491,PD0492,필기구세트,문구/사무용품,필기도구,L0020,M0336
492,PD0493,채소병통조림,병통조림,농산물병통조림,L0021,M0088
493,PD0494,과일병통조림,병통조림,농산물병통조림,L0021,M0088
494,PD0495,햄통조림세트,병통조림,병통조림선물세트,L0021,M0119
495,PD0496,참치통조림세트,병통조림,병통조림선물세트,L0021,M0119
496,PD0497,통조림혼합세트,병통조림,병통조림선물세트,L0021,M0119
497,PD0498,참치통조림,병통조림,수산물통조림,L0021,M0154
498,PD0499,골뱅이통조림,병통조림,수산물통조림,L0021,M0154
499,PD0500,꽁치고등어통조림,병통조림,수산물통조림,L0021,M0154
500,PD0501,기타수산통조림,병통조림,수산물통조림,L0021,M0154
501,PD0502,과일잼,병통조림,잼,L0021,M0280
502,PD0503,스프레드,병통조림,잼,L0021,M0280
503,PD0504,햄통조림,병통조림,축산물통조림,L0021,M0311
504,PD0505,닭고기통조림,병통조림,축산물통조림,L0021,M0311
505,PD0506,기타축산통조림,병통조림,축산물통조림,L0021,M0311
506,PD0507,백화점/마트모바일상품권,상품권,모바일상품권,L0022,M0103
507,PD0508,영화/문화모바일상품권,상품권,모바일상품권,L0022,M0103
508,PD0509,레저모바일상품권,상품권,모바일상품권,L0022,M0103
509,PD0510,생활모바일상품권,상품권,모바일상품권,L0022,M0103
510,PD0511,식음료모바일상품권,상품권,모바일상품권,L0022,M0103
511,PD0512,온라인/모바일컨텐츠,상품권,모바일상품권,L0022,M0103
512,PD0513,교통카드판매,상품권,생활요금상품판매/충전,L0022,M0139
513,PD0514,영화/문화/도서상품권,상품권,지류상품권,L0022,M0302
514,PD0515,외식/음료/디저트상품권,상품권,지류상품권,L0022,M0302
515,PD0516,제화/패션/주유상품권,상품권,지류상품권,L0022,M0302
516,PD0517,악기/교육렌탈,생활/렌탈서비스,렌탈서비스,L0023,M0097
517,PD0518,안마의자/헬스/이미용렌탈,생활/렌탈서비스,렌탈서비스,L0023,M0097
518,PD0519,그림/인테리어렌탈,생활/렌탈서비스,렌탈서비스,L0023,M0097
519,PD0520,자동차/레저렌탈,생활/렌탈서비스,렌탈서비스,L0023,M0097
520,PD0521,택배,생활/렌탈서비스,생활서비스,L0023,M0138
521,PD0522,복권판매,생활/렌탈서비스,생활서비스,L0023,M0138
522,PD0523,배달서비스,생활/렌탈서비스,생활서비스,L0023,M0138
523,PD0524,이사/청소/수선/세탁서비스,생활/렌탈서비스,생활서비스,L0023,M0138
524,PD0525,문화/스포츠센터,생활/렌탈서비스,생활서비스,L0023,M0138
525,PD0526,도서/교육,생활/렌탈서비스,생활서비스,L0023,M0138
526,PD0527,핸드폰충전,생활/렌탈서비스,생활서비스,L0023,M0138
527,PD0528,사진인화서비스,생활/렌탈서비스,생활서비스,L0023,M0138
528,PD0529,기타생활서비스,생활/렌탈서비스,생활서비스,L0023,M0138
529,PD0530,제습기,생활/주방가전,공기청정/가습/제습,L0024,M0024
530,PD0531,가습기,생활/주방가전,공기청정/가습/제습,L0024,M0024
531,PD0532,공기청정기,생활/주방가전,공기청정/가습/제습,L0024,M0024
532,PD0533,에어워셔,생활/주방가전,공기청정/가습/제습,L0024,M0024
533,PD0534,다리미,생활/주방가전,생활가전,L0024,M0137
534,PD0535,의류스타일러,생활/주방가전,생활가전,L0024,M0137
535,PD0536,보풀제거기,생활/주방가전,생활가전,L0024,M0137
536,PD0537,비데,생활/주방가전,생활가전,L0024,M0137
537,PD0538,연수기,생활/주방가전,생활가전,L0024,M0137
538,PD0539,헤어드라이어,생활/주방가전,이미용가전,L0024,M0262
539,PD0540,고데기,생활/주방가전,이미용가전,L0024,M0262
540,PD0541,헤어세팅기,생활/주방가전,이미용가전,L0024,M0262
541,PD0542,헤어롤,생활/주방가전,이미용가전,L0024,M0262
542,PD0543,이발기,생활/주방가전,이미용가전,L0024,M0262
543,PD0544,전기면도기,생활/주방가전,이미용가전,L0024,M0262
544,PD0545,제모기,생활/주방가전,이미용가전,L0024,M0262
545,PD0546,기타이미용가전,생활/주방가전,이미용가전,L0024,M0262
546,PD0547,전화기,생활/주방가전,전화기,L0024,M0286
547,PD0548,전기밥솥,생활/주방가전,주방가전,L0024,M0296
548,PD0549,전기찜기,생활/주방가전,주방가전,L0024,M0296
549,PD0550,전기튀김기,생활/주방가전,주방가전,L0024,M0296
550,PD0551,오븐/전자레인지,생활/주방가전,주방가전,L0024,M0296
551,PD0552,전기프라이팬,생활/주방가전,주방가전,L0024,M0296
552,PD0553,전기그릴,생활/주방가전,주방가전,L0024,M0296
553,PD0554,인덕션/가스레인지,생활/주방가전,주방가전,L0024,M0296
554,PD0555,전기냄비/뚝배기,생활/주방가전,주방가전,L0024,M0296
555,PD0556,커피메이커/포트,생활/주방가전,주방가전,L0024,M0296
556,PD0557,커피머신,생활/주방가전,주방가전,L0024,M0296
557,PD0558,블랜더,생활/주방가전,주방가전,L0024,M0296
558,PD0559,토스터/제빵기,생활/주방가전,주방가전,L0024,M0296
559,PD0560,요구르트/청국장제조기,생활/주방가전,주방가전,L0024,M0296
560,PD0561,기타주방가전,생활/주방가전,주방가전,L0024,M0296
561,PD0562,정수기,생활/주방가전,주방가전,L0024,M0296
562,PD0563,식기세척기,생활/주방가전,주방가전,L0024,M0296
563,PD0564,식기건조기,생활/주방가전,주방가전,L0024,M0296
564,PD0565,음식물건조기,생활/주방가전,주방가전,L0024,M0296
565,PD0566,일반청소기,생활/주방가전,청소기,L0024,M0306
566,PD0567,로봇청소기,생활/주방가전,청소기,L0024,M0306
567,PD0568,핸디형청소기,생활/주방가전,청소기,L0024,M0306
568,PD0569,스팀청소기,생활/주방가전,청소기,L0024,M0306
569,PD0570,물걸레청소기,생활/주방가전,청소기,L0024,M0306
570,PD0571,침구청소기,생활/주방가전,청소기,L0024,M0306
571,PD0572,기타청소기,생활/주방가전,청소기,L0024,M0306
572,PD0573,유아서적,서적/음반/악기,서적,L0025,M0140
573,PD0574,아동서적,서적/음반/악기,서적,L0025,M0140
574,PD0575,일반서적,서적/음반/악기,서적,L0025,M0140
575,PD0576,참고서/수험서,서적/음반/악기,서적,L0025,M0140
576,PD0577,신문/잡지,서적/음반/악기,서적,L0025,M0140
577,PD0578,서적세트,서적/음반/악기,서적,L0025,M0140
578,PD0579,현악기,서적/음반/악기,악기,L0025,M0179
579,PD0580,관악기,서적/음반/악기,악기,L0025,M0179
580,PD0581,타악기,서적/음반/악기,악기,L0025,M0179
581,PD0582,건반악기,서적/음반/악기,악기,L0025,M0179
582,PD0583,국악악기,서적/음반/악기,악기,L0025,M0179
583,PD0584,전자악기,서적/음반/악기,악기,L0025,M0179
584,PD0585,악기부품/액세서리,서적/음반/악기,악기,L0025,M0179
585,PD0586,음반,서적/음반/악기,음반/영상물,L0025,M0261
586,PD0587,영상물,서적/음반/악기,음반/영상물,L0025,M0261
587,PD0588,방향제,세제/위생,방향/제습/탈취제,L0026,M0112
588,PD0589,탈취제,세제/위생,방향/제습/탈취제,L0026,M0112
589,PD0590,섬유용탈취제,세제/위생,방향/제습/탈취제,L0026,M0112
590,PD0591,제습제,세제/위생,방향/제습/탈취제,L0026,M0112
591,PD0592,파리/모기살충제,세제/위생,살충/방충제,L0026,M0134
592,PD0593,개미/바퀴살충제,세제/위생,살충/방충제,L0026,M0134
593,PD0594,방충제,세제/위생,살충/방충제,L0026,M0134
594,PD0595,분말세탁세제,세제/위생,세탁세제,L0026,M0147
595,PD0596,액상세탁세제,세제/위생,세탁세제,L0026,M0147
596,PD0597,세탁비누,세제/위생,세탁세제,L0026,M0147
597,PD0598,분말표백제,세제/위생,세탁세제,L0026,M0147
598,PD0599,액상표백제,세제/위생,세탁세제,L0026,M0147
599,PD0600,부분세탁제,세제/위생,세탁세제,L0026,M0147
600,PD0601,섬유유연제/향기지속제,세제/위생,세탁세제,L0026,M0147
601,PD0602,특수용세탁세제,세제/위생,세탁세제,L0026,M0147
602,PD0603,일반주방세제,세제/위생,주방세제,L0026,M0297
603,PD0604,다목적주방세제,세제/위생,주방세제,L0026,M0297
604,PD0605,주방용청소세제,세제/위생,청소세제,L0026,M0307
605,PD0606,락스,세제/위생,청소세제,L0026,M0307
606,PD0607,곰팡이제거제/차단제,세제/위생,청소세제,L0026,M0307
607,PD0608,욕실전용청소세제,세제/위생,청소세제,L0026,M0307
608,PD0609,세정제,세제/위생,청소세제,L0026,M0307
609,PD0610,광택제,세제/위생,청소세제,L0026,M0307
610,PD0611,롤티슈,세제/위생,화장지/티슈,L0026,M0349
611,PD0612,각티슈/미용티슈,세제/위생,화장지/티슈,L0026,M0349
612,PD0613,물티슈,세제/위생,화장지/티슈,L0026,M0349
613,PD0614,키친타올,세제/위생,화장지/티슈,L0026,M0349
614,PD0615,냅킨,세제/위생,화장지/티슈,L0026,M0349
615,PD0616,남성팬티,속옷/양말/홈웨어,남성속옷,L0027,M0055
616,PD0617,남성런닝셔츠,속옷/양말/홈웨어,남성속옷,L0027,M0055
617,PD0618,남성내의,속옷/양말/홈웨어,남성속옷,L0027,M0055
618,PD0619,남성속옷세트,속옷/양말/홈웨어,남성속옷,L0027,M0055
619,PD0620,남성일반양말,속옷/양말/홈웨어,남성양말류,L0027,M0057
620,PD0621,남성발가락양말,속옷/양말/홈웨어,남성양말류,L0027,M0057
621,PD0622,남성수면양말,속옷/양말/홈웨어,남성양말류,L0027,M0057
622,PD0623,남성덧신류,속옷/양말/홈웨어,남성양말류,L0027,M0057
623,PD0624,남성캐쥬얼스포츠양말,속옷/양말/홈웨어,남성양말류,L0027,M0057
624,PD0625,남성양말선물세트,속옷/양말/홈웨어,남성양말류,L0027,M0057
625,PD0626,기타남성양말류,속옷/양말/홈웨어,남성양말류,L0027,M0057
626,PD0627,남여속옷세트,속옷/양말/홈웨어,속옷/양말/홈웨어세트,L0027,M0152
627,PD0628,남여양말세트,속옷/양말/홈웨어,속옷/양말/홈웨어세트,L0027,M0152
628,PD0629,기타속옷/양말/홈웨어세트,속옷/양말/홈웨어,속옷/양말/홈웨어세트,L0027,M0152
629,PD0630,브래지어,속옷/양말/홈웨어,여성속옷,L0027,M0197
630,PD0631,거들,속옷/양말/홈웨어,여성속옷,L0027,M0197
631,PD0632,올인원,속옷/양말/홈웨어,여성속옷,L0027,M0197
632,PD0633,코르셋,속옷/양말/홈웨어,여성속옷,L0027,M0197
633,PD0634,슬립,속옷/양말/홈웨어,여성속옷,L0027,M0197
634,PD0635,여성팬티,속옷/양말/홈웨어,여성속옷,L0027,M0197
635,PD0636,여성런닝셔츠/캐미솔,속옷/양말/홈웨어,여성속옷,L0027,M0197
636,PD0637,여성내의,속옷/양말/홈웨어,여성속옷,L0027,M0197
637,PD0638,여성임부속옷,속옷/양말/홈웨어,여성속옷,L0027,M0197
638,PD0639,여성속옷세트,속옷/양말/홈웨어,여성속옷,L0027,M0197
639,PD0640,기타여성속옷,속옷/양말/홈웨어,여성속옷,L0027,M0197
640,PD0641,여성일반양말,속옷/양말/홈웨어,여성양말류,L0027,M0199
641,PD0642,니삭스/오버니삭스,속옷/양말/홈웨어,여성양말류,L0027,M0199
642,PD0643,여성덧신류,속옷/양말/홈웨어,여성양말류,L0027,M0199
643,PD0644,스타킹,속옷/양말/홈웨어,여성양말류,L0027,M0199
644,PD0645,여성타이즈,속옷/양말/홈웨어,여성양말류,L0027,M0199
645,PD0646,여성캐쥬얼스포츠양말,속옷/양말/홈웨어,여성양말류,L0027,M0199
646,PD0647,여성양말선물세트,속옷/양말/홈웨어,여성양말류,L0027,M0199
647,PD0648,기타여성양말류,속옷/양말/홈웨어,여성양말류,L0027,M0199
648,PD0649,유아동팬티,속옷/양말/홈웨어,유아동속옷,L0027,M0241
649,PD0650,유아동런닝셔츠,속옷/양말/홈웨어,유아동속옷,L0027,M0241
650,PD0651,유아동내의,속옷/양말/홈웨어,유아동속옷,L0027,M0241
651,PD0652,유아동속옷세트,속옷/양말/홈웨어,유아동속옷,L0027,M0241
652,PD0653,유아동일반양말,속옷/양말/홈웨어,유아동양말류,L0027,M0244
653,PD0654,아동니삭스/오버니삭스,속옷/양말/홈웨어,유아동양말류,L0027,M0244
654,PD0655,손싸개/발싸개,속옷/양말/홈웨어,유아동양말류,L0027,M0244
655,PD0656,유아동타이즈,속옷/양말/홈웨어,유아동양말류,L0027,M0244
656,PD0657,유아동캐쥬얼스포츠양말,속옷/양말/홈웨어,유아동양말류,L0027,M0244
657,PD0658,유아동양말선물세트,속옷/양말/홈웨어,유아동양말류,L0027,M0244
658,PD0659,기타유아동양말류,속옷/양말/홈웨어,유아동양말류,L0027,M0244
659,PD0660,여성잠옷,속옷/양말/홈웨어,홈웨어,L0027,M0347
660,PD0661,여성실내복,속옷/양말/홈웨어,홈웨어,L0027,M0347
661,PD0662,여성가운,속옷/양말/홈웨어,홈웨어,L0027,M0347
662,PD0663,남성잠옷,속옷/양말/홈웨어,홈웨어,L0027,M0347
663,PD0664,남성실내복,속옷/양말/홈웨어,홈웨어,L0027,M0347
664,PD0665,남성가운,속옷/양말/홈웨어,홈웨어,L0027,M0347
665,PD0666,여아잠옷,속옷/양말/홈웨어,홈웨어,L0027,M0347
666,PD0667,여아실내복,속옷/양말/홈웨어,홈웨어,L0027,M0347
667,PD0668,여아가운,속옷/양말/홈웨어,홈웨어,L0027,M0347
668,PD0669,남아잠옷,속옷/양말/홈웨어,홈웨어,L0027,M0347
669,PD0670,남아실내복,속옷/양말/홈웨어,홈웨어,L0027,M0347
670,PD0671,홈웨어세트,속옷/양말/홈웨어,홈웨어,L0027,M0347
671,PD0672,해물찌개/탕,수산물,간편조리,L0028,M0006
672,PD0673,조리양념생선,수산물,간편조리,L0028,M0006
673,PD0674,회덮밥,수산물,간편조리,L0028,M0006
674,PD0675,기타간편조리,수산물,간편조리,L0028,M0006
675,PD0676,꽃게,수산물,갑각류,L0028,M0007
676,PD0677,대게,수산물,갑각류,L0028,M0007
677,PD0678,홍게,수산물,갑각류,L0028,M0007
678,PD0679,랍스터,수산물,갑각류,L0028,M0007
679,PD0680,킹크랩,수산물,갑각류,L0028,M0007
680,PD0681,새우,수산물,갑각류,L0028,M0007
681,PD0682,기타게,수산물,갑각류,L0028,M0007
682,PD0683,포장고등어,수산물,냉동포장생선류,L0028,M0080
683,PD0684,포장연어,수산물,냉동포장생선류,L0028,M0080
684,PD0685,포장갈치,수산물,냉동포장생선류,L0028,M0080
685,PD0686,포장날치알,수산물,냉동포장생선류,L0028,M0080
686,PD0687,포장새우살,수산물,냉동포장생선류,L0028,M0080
687,PD0688,포장크랩류,수산물,냉동포장생선류,L0028,M0080
688,PD0689,포장해물류,수산물,냉동포장생선류,L0028,M0080
689,PD0690,명태전감,수산물,냉동포장생선류,L0028,M0080
690,PD0691,기타포장생선,수산물,냉동포장생선류,L0028,M0080
691,PD0692,광어회,수산물,생선회,L0028,M0135
692,PD0693,우럭회,수산물,생선회,L0028,M0135
693,PD0694,도미회,수산물,생선회,L0028,M0135
694,PD0695,문어회,수산물,생선회,L0028,M0135
695,PD0696,도다리회,수산물,생선회,L0028,M0135
696,PD0697,방어회,수산물,생선회,L0028,M0135
697,PD0698,숭어회,수산물,생선회,L0028,M0135
698,PD0699,전어회,수산물,생선회,L0028,M0135
699,PD0700,연어회,수산물,생선회,L0028,M0135
700,PD0701,참치회,수산물,생선회,L0028,M0135
701,PD0702,홍어회,수산물,생선회,L0028,M0135
702,PD0703,모듬회,수산물,생선회,L0028,M0135
703,PD0704,기타회,수산물,생선회,L0028,M0135
704,PD0705,생선선물세트,수산물,수산선물세트,L0028,M0155
705,PD0706,해물선물세트,수산물,수산선물세트,L0028,M0155
706,PD0707,혼합수산선물세트,수산물,수산선물세트,L0028,M0155
707,PD0708,가자미,수산물,어류,L0028,M0192
708,PD0709,갈치,수산물,어류,L0028,M0192
709,PD0710,고등어,수산물,어류,L0028,M0192
710,PD0711,꽁치,수산물,어류,L0028,M0192
711,PD0712,대구,수산물,어류,L0028,M0192
712,PD0713,도미,수산물,어류,L0028,M0192
713,PD0714,명태,수산물,어류,L0028,M0192
714,PD0715,민어,수산물,어류,L0028,M0192
715,PD0716,조기류,수산물,어류,L0028,M0192
716,PD0717,삼치,수산물,어류,L0028,M0192
717,PD0718,아귀,수산물,어류,L0028,M0192
718,PD0719,연어,수산물,어류,L0028,M0192
719,PD0720,우럭,수산물,어류,L0028,M0192
720,PD0721,은어,수산물,어류,L0028,M0192
721,PD0722,임연수,수산물,어류,L0028,M0192
722,PD0723,전어,수산물,어류,L0028,M0192
723,PD0724,장어,수산물,어류,L0028,M0192
724,PD0725,홍어,수산물,어류,L0028,M0192
725,PD0726,생선알,수산물,어류,L0028,M0192
726,PD0727,기타어류,수산물,어류,L0028,M0192
727,PD0728,낙지,수산물,연체류,L0028,M0221
728,PD0729,문어,수산물,연체류,L0028,M0221
729,PD0730,오징어,수산물,연체류,L0028,M0221
730,PD0731,갑오징어,수산물,연체류,L0028,M0221
731,PD0732,한치,수산물,연체류,L0028,M0221
732,PD0733,주꾸미,수산물,연체류,L0028,M0221
733,PD0734,해파리,수산물,연체류,L0028,M0221
734,PD0735,기타연체류,수산물,연체류,L0028,M0221
735,PD0736,미더덕류,수산물,연체류,L0028,M0221
736,PD0737,멍게,수산물,연체류,L0028,M0221
737,PD0738,해삼,수산물,연체류,L0028,M0221
738,PD0739,개조개,수산물,조개류,L0028,M0288
739,PD0740,골뱅이,수산물,조개류,L0028,M0288
740,PD0741,굴,수산물,조개류,L0028,M0288
741,PD0742,꼬막,수산물,조개류,L0028,M0288
742,PD0743,대합,수산물,조개류,L0028,M0288
743,PD0744,모시조개,수산물,조개류,L0028,M0288
744,PD0745,바지락,수산물,조개류,L0028,M0288
745,PD0746,생합,수산물,조개류,L0028,M0288
746,PD0747,소라,수산물,조개류,L0028,M0288
747,PD0748,전복,수산물,조개류,L0028,M0288
748,PD0749,키조개,수산물,조개류,L0028,M0288
749,PD0750,홍합,수산물,조개류,L0028,M0288
750,PD0751,우렁이,수산물,조개류,L0028,M0288
751,PD0752,기타조개류,수산물,조개류,L0028,M0288
752,PD0753,조개살류,수산물,조개류,L0028,M0288
753,PD0754,다시마,수산물,해초류,L0028,M0339
754,PD0755,매생이,수산물,해초류,L0028,M0339
755,PD0756,미역,수산물,해초류,L0028,M0339
756,PD0757,톳,수산물,해초류,L0028,M0339
757,PD0758,파래,수산물,해초류,L0028,M0339
758,PD0759,기타해초류,수산물,해초류,L0028,M0339
759,PD0760,남성골프티셔츠,스포츠패션,남성골프의류,L0029,M0053
760,PD0761,남성골프남방셔츠,스포츠패션,남성골프의류,L0029,M0053
761,PD0762,남성골프니트/가디건,스포츠패션,남성골프의류,L0029,M0053
762,PD0763,남성골프스웨트셔츠/후드/집업,스포츠패션,남성골프의류,L0029,M0053
763,PD0764,남성골프베스트,스포츠패션,남성골프의류,L0029,M0053
764,PD0765,남성골프바지,스포츠패션,남성골프의류,L0029,M0053
765,PD0766,남성골프점퍼/재킷,스포츠패션,남성골프의류,L0029,M0053
766,PD0767,남성골프패딩,스포츠패션,남성골프의류,L0029,M0053
767,PD0768,남성골프의류세트,스포츠패션,남성골프의류,L0029,M0053
768,PD0769,남성등산티셔츠,스포츠패션,남성등산/아웃도어의류,L0029,M0054
769,PD0770,남성등산스웨트셔츠/후드/집업,스포츠패션,남성등산/아웃도어의류,L0029,M0054
770,PD0771,남성등산베스트,스포츠패션,남성등산/아웃도어의류,L0029,M0054
771,PD0772,남성등산바지,스포츠패션,남성등산/아웃도어의류,L0029,M0054
772,PD0773,남성등산점퍼/재킷,스포츠패션,남성등산/아웃도어의류,L0029,M0054
773,PD0774,남성등산패딩,스포츠패션,남성등산/아웃도어의류,L0029,M0054
774,PD0775,남성등산전신,스포츠패션,남성등산/아웃도어의류,L0029,M0054
775,PD0776,남성등산/아웃도어세트,스포츠패션,남성등산/아웃도어의류,L0029,M0054
776,PD0777,남성런닝/트레이닝화,스포츠패션,남성스포츠화,L0029,M0056
777,PD0778,남성스포츠샌들/슬리퍼,스포츠패션,남성스포츠화,L0029,M0056
778,PD0779,남성스포츠화부속품,스포츠패션,남성스포츠화,L0029,M0056
779,PD0780,남성스포츠티셔츠,스포츠패션,남성일반스포츠의류,L0029,M0063
780,PD0781,남성스포츠스웨트셔츠/후드/집업,스포츠패션,남성일반스포츠의류,L0029,M0063
781,PD0782,남성스포츠베스트,스포츠패션,남성일반스포츠의류,L0029,M0063
782,PD0783,남성일반스포츠바지,스포츠패션,남성일반스포츠의류,L0029,M0063
783,PD0784,남성스포츠점퍼/재킷,스포츠패션,남성일반스포츠의류,L0029,M0063
784,PD0785,남성스포츠패딩,스포츠패션,남성일반스포츠의류,L0029,M0063
785,PD0786,남성스포츠전신,스포츠패션,남성일반스포츠의류,L0029,M0063
786,PD0787,남성트레이닝복,스포츠패션,남성일반스포츠의류,L0029,M0063
787,PD0788,남성스포츠속옷,스포츠패션,남성일반스포츠의류,L0029,M0063
788,PD0789,스포츠가방,스포츠패션,스포츠잡화,L0029,M0168
789,PD0790,스포츠선글라스,스포츠패션,스포츠잡화,L0029,M0168
790,PD0791,스포츠두건/머플러/마스크,스포츠패션,스포츠잡화,L0029,M0168
791,PD0792,스포츠넥워머/버프/팔토시,스포츠패션,스포츠잡화,L0029,M0168
792,PD0793,스포츠모자,스포츠패션,스포츠잡화,L0029,M0168
793,PD0794,스포츠양말,스포츠패션,스포츠잡화,L0029,M0168
794,PD0795,스포츠목걸이/팔찌,스포츠패션,스포츠잡화,L0029,M0168
795,PD0796,스포츠아대/헤어밴드,스포츠패션,스포츠잡화,L0029,M0168
796,PD0797,여성골프티셔츠/탑,스포츠패션,여성골프의류,L0029,M0195
797,PD0798,여성골프남방셔츠,스포츠패션,여성골프의류,L0029,M0195
798,PD0799,여성골프니트/가디건,스포츠패션,여성골프의류,L0029,M0195
799,PD0800,여성골프스웨트셔츠/후드/집업,스포츠패션,여성골프의류,L0029,M0195
800,PD0801,여성골프베스트,스포츠패션,여성골프의류,L0029,M0195
801,PD0802,여성골프바지,스포츠패션,여성골프의류,L0029,M0195
802,PD0803,여성골프스커트,스포츠패션,여성골프의류,L0029,M0195
803,PD0804,여성골프점퍼/재킷,스포츠패션,여성골프의류,L0029,M0195
804,PD0805,여성골프패딩,스포츠패션,여성골프의류,L0029,M0195
805,PD0806,여성골프전신/원피스,스포츠패션,여성골프의류,L0029,M0195
806,PD0807,여성골프의류세트,스포츠패션,여성골프의류,L0029,M0195
807,PD0808,여성등산티셔츠/탑,스포츠패션,여성등산/아웃도어의류,L0029,M0196
808,PD0809,여성등산스웨트셔츠/후드/집업,스포츠패션,여성등산/아웃도어의류,L0029,M0196
809,PD0810,여성등산베스트,스포츠패션,여성등산/아웃도어의류,L0029,M0196
810,PD0811,여성등산바지,스포츠패션,여성등산/아웃도어의류,L0029,M0196
811,PD0812,여성등산점퍼/재킷,스포츠패션,여성등산/아웃도어의류,L0029,M0196
812,PD0813,여성등산패딩,스포츠패션,여성등산/아웃도어의류,L0029,M0196
813,PD0814,여성등산전신/원피스,스포츠패션,여성등산/아웃도어의류,L0029,M0196
814,PD0815,여성등산/아웃도어세트,스포츠패션,여성등산/아웃도어의류,L0029,M0196
815,PD0816,여성런닝/트레이닝화,스포츠패션,여성스포츠화,L0029,M0198
816,PD0817,여성스포츠샌들/슬리퍼,스포츠패션,여성스포츠화,L0029,M0198
817,PD0818,여성스포츠화부속품,스포츠패션,여성스포츠화,L0029,M0198
818,PD0819,여성스포츠티셔츠/탑,스포츠패션,여성일반스포츠의류,L0029,M0206
819,PD0820,여성스포츠스웨트셔츠/후드/집업,스포츠패션,여성일반스포츠의류,L0029,M0206
820,PD0821,여성스포츠베스트,스포츠패션,여성일반스포츠의류,L0029,M0206
821,PD0822,여성일반스포츠바지,스포츠패션,여성일반스포츠의류,L0029,M0206
822,PD0823,여성스포츠스커트,스포츠패션,여성일반스포츠의류,L0029,M0206
823,PD0824,여성스포츠점퍼/재킷,스포츠패션,여성일반스포츠의류,L0029,M0206
824,PD0825,여성스포츠패딩,스포츠패션,여성일반스포츠의류,L0029,M0206
825,PD0826,여성스포츠전신/원피스,스포츠패션,여성일반스포츠의류,L0029,M0206
826,PD0827,여성트레이닝복,스포츠패션,여성일반스포츠의류,L0029,M0206
827,PD0828,여성스포츠속옷,스포츠패션,여성일반스포츠의류,L0029,M0206
828,PD0829,유아동런닝/트레이닝화,스포츠패션,유아동스포츠화,L0029,M0242
829,PD0830,유아동스포츠샌들/슬리퍼,스포츠패션,유아동스포츠화,L0029,M0242
830,PD0831,유아동스포츠화부속품,스포츠패션,유아동스포츠화,L0029,M0242
831,PD0832,유아동스포츠티셔츠/탑,스포츠패션,유아동일반스포츠의류,L0029,M0245
832,PD0833,유아동스포츠스웨트셔츠/후드/집업,스포츠패션,유아동일반스포츠의류,L0029,M0245
833,PD0834,유아동스포츠베스트,스포츠패션,유아동일반스포츠의류,L0029,M0245
834,PD0835,유아동일반스포츠바지,스포츠패션,유아동일반스포츠의류,L0029,M0245
835,PD0836,유아동스포츠스커트,스포츠패션,유아동일반스포츠의류,L0029,M0245
836,PD0837,유아동스포츠점퍼/재킷,스포츠패션,유아동일반스포츠의류,L0029,M0245
837,PD0838,유아동스포츠패딩,스포츠패션,유아동일반스포츠의류,L0029,M0245
838,PD0839,유아동스포츠전신/원피스,스포츠패션,유아동일반스포츠의류,L0029,M0245
839,PD0840,유아동트레이닝복,스포츠패션,유아동일반스포츠의류,L0029,M0245
840,PD0841,유아동스포츠속옷,스포츠패션,유아동일반스포츠의류,L0029,M0245
841,PD0842,기타시즌스포츠용품,시즌스포츠,기타시즌스포츠,L0030,M0042
842,PD0843,남성수영복,시즌스포츠,수영/물놀이,L0030,M0156
843,PD0844,여성수영복,시즌스포츠,수영/물놀이,L0030,M0156
844,PD0845,아동수영복,시즌스포츠,수영/물놀이,L0030,M0156
845,PD0846,남성비치웨어,시즌스포츠,수영/물놀이,L0030,M0156
846,PD0847,여성비치웨어,시즌스포츠,수영/물놀이,L0030,M0156
847,PD0848,아동비치웨어,시즌스포츠,수영/물놀이,L0030,M0156
848,PD0849,수영가방,시즌스포츠,수영/물놀이,L0030,M0156
849,PD0850,수영모자,시즌스포츠,수영/물놀이,L0030,M0156
850,PD0851,물안경,시즌스포츠,수영/물놀이,L0030,M0156
851,PD0852,아쿠아슈즈,시즌스포츠,수영/물놀이,L0030,M0156
852,PD0853,오리발/스노클링,시즌스포츠,수영/물놀이,L0030,M0156
853,PD0854,튜브/보트,시즌스포츠,수영/물놀이,L0030,M0156
854,PD0855,구명조끼/안전용품,시즌스포츠,수영/물놀이,L0030,M0156
855,PD0856,기타물놀이용품,시즌스포츠,수영/물놀이,L0030,M0156
856,PD0857,썰매류,시즌스포츠,스케이트/썰매,L0030,M0164
857,PD0858,보드장비,시즌스포츠,스키/보드,L0030,M0165
858,PD0859,스키복,시즌스포츠,스키/보드,L0030,M0165
859,PD0860,보드복,시즌스포츠,스키/보드,L0030,M0165
860,PD0861,스키/보드고글,시즌스포츠,스키/보드,L0030,M0165
861,PD0862,스키/보드장갑,시즌스포츠,스키/보드,L0030,M0165
862,PD0863,기타스키/보드용품,시즌스포츠,스키/보드,L0030,M0165
863,PD0864,밥공기,식기/조리기구,그릇/식기,L0031,M0035
864,PD0865,국그릇,식기/조리기구,그릇/식기,L0031,M0035
865,PD0866,대접/볼,식기/조리기구,그릇/식기,L0031,M0035
866,PD0867,접시,식기/조리기구,그릇/식기,L0031,M0035
867,PD0868,찬기/종지,식기/조리기구,그릇/식기,L0031,M0035
868,PD0869,반상기세트/홈세트,식기/조리기구,그릇/식기,L0031,M0035
869,PD0870,제기,식기/조리기구,그릇/식기,L0031,M0035
870,PD0871,음료용컵,식기/조리기구,그릇/식기,L0031,M0035
871,PD0872,주류잔,식기/조리기구,그릇/식기,L0031,M0035
872,PD0873,커피잔,식기/조리기구,그릇/식기,L0031,M0035
873,PD0874,다기류,식기/조리기구,그릇/식기,L0031,M0035
874,PD0875,숟가락/젓가락,식기/조리기구,그릇/식기,L0031,M0035
875,PD0876,포크/나이프,식기/조리기구,그릇/식기,L0031,M0035
876,PD0877,디저트포크/스푼,식기/조리기구,그릇/식기,L0031,M0035
877,PD0878,그릇/식기세트,식기/조리기구,그릇/식기,L0031,M0035
878,PD0879,물병,식기/조리기구,밀폐/보관용기,L0031,M0109
879,PD0880,과실주병,식기/조리기구,밀폐/보관용기,L0031,M0109
880,PD0881,보온병/텀블러,식기/조리기구,밀폐/보관용기,L0031,M0109
881,PD0882,도시락/찬합,식기/조리기구,밀폐/보관용기,L0031,M0109
882,PD0883,보온도시락,식기/조리기구,밀폐/보관용기,L0031,M0109
883,PD0884,양념통,식기/조리기구,밀폐/보관용기,L0031,M0109
884,PD0885,항아리/쌀독류,식기/조리기구,밀폐/보관용기,L0031,M0109
885,PD0886,반찬통/밀폐용기,식기/조리기구,밀폐/보관용기,L0031,M0109
886,PD0887,유아동식기/식판,식기/조리기구,유아동식기,L0031,M0243
887,PD0888,유아동숟가락/젓가락/포크,식기/조리기구,유아동식기,L0031,M0243
888,PD0889,유아동컵/물병,식기/조리기구,유아동식기,L0031,M0243
889,PD0890,유아동식기세트,식기/조리기구,유아동식기,L0031,M0243
890,PD0891,냄비,식기/조리기구,조리기구,L0031,M0289
891,PD0892,뚝배기,식기/조리기구,조리기구,L0031,M0289
892,PD0893,압력솥,식기/조리기구,조리기구,L0031,M0289
893,PD0894,솥,식기/조리기구,조리기구,L0031,M0289
894,PD0895,주전자,식기/조리기구,조리기구,L0031,M0289
895,PD0896,프라이팬,식기/조리기구,조리기구,L0031,M0289
896,PD0897,그릴/구이불판,식기/조리기구,조리기구,L0031,M0289
897,PD0898,오븐팬/피자팬,식기/조리기구,조리기구,L0031,M0289
898,PD0899,조리기구세트,식기/조리기구,조리기구,L0031,M0289
899,PD0900,기타아웃도어/레저용품,아웃도어/레저,기타아웃도어/레저,L0032,M0043
900,PD0901,낚시장비,아웃도어/레저,낚시,L0032,M0050
901,PD0902,낚시용품,아웃도어/레저,낚시,L0032,M0050
902,PD0903,등산화,아웃도어/레저,등산,L0032,M0093
903,PD0904,배낭,아웃도어/레저,등산,L0032,M0093
904,PD0905,힙색/사이드백,아웃도어/레저,등산,L0032,M0093
905,PD0906,기타배낭소품,아웃도어/레저,등산,L0032,M0093
906,PD0907,등산지팡이/스틱,아웃도어/레저,등산,L0032,M0093
907,PD0908,아이젠,아웃도어/레저,등산,L0032,M0093
908,PD0909,기타등산용품,아웃도어/레저,등산,L0032,M0093
909,PD0910,인라인/롤러스케이트,아웃도어/레저,인라인/스케이트보드/킥보드,L0032,M0264
910,PD0911,스케이트보드/킥보드,아웃도어/레저,인라인/스케이트보드/킥보드,L0032,M0264
911,PD0912,전동보드/전동킥보드,아웃도어/레저,인라인/스케이트보드/킥보드,L0032,M0264
912,PD0913,인라인/스케이트보드/킥보드안전용품,아웃도어/레저,인라인/스케이트보드/킥보드,L0032,M0264
913,PD0914,인라인/스케이트보드/킥보드기타액세서리,아웃도어/레저,인라인/스케이트보드/킥보드,L0032,M0264
914,PD0915,MTB,아웃도어/레저,자전거,L0032,M0274
915,PD0916,로드자전거,아웃도어/레저,자전거,L0032,M0274
916,PD0917,미니벨로,아웃도어/레저,자전거,L0032,M0274
917,PD0918,전동/하이브리드자전거,아웃도어/레저,자전거,L0032,M0274
918,PD0919,유아동용자전거,아웃도어/레저,자전거,L0032,M0274
919,PD0920,기타자전거,아웃도어/레저,자전거,L0032,M0274
920,PD0921,자전거헬맷,아웃도어/레저,자전거,L0032,M0274
921,PD0922,자전거의류,아웃도어/레저,자전거,L0032,M0274
922,PD0923,자전거안전용품,아웃도어/레저,자전거,L0032,M0274
923,PD0924,자전거수리부품,아웃도어/레저,자전거,L0032,M0274
924,PD0925,자전거기타액세서리,아웃도어/레저,자전거,L0032,M0274
925,PD0926,텐트,아웃도어/레저,캠핑,L0032,M0317
926,PD0927,그늘막/타프,아웃도어/레저,캠핑,L0032,M0317
927,PD0928,캠핑침구,아웃도어/레저,캠핑,L0032,M0317
928,PD0929,야외용돗자리,아웃도어/레저,캠핑,L0032,M0317
929,PD0930,캠핑테이블/의자,아웃도어/레저,캠핑,L0032,M0317
930,PD0931,캠핑취사,아웃도어/레저,캠핑,L0032,M0317
931,PD0932,오토캠핑용품세트,아웃도어/레저,캠핑,L0032,M0317
932,PD0933,기타캠핑용품,아웃도어/레저,캠핑,L0032,M0317
933,PD0934,미숫가루,양곡,선식류,L0033,M0141
934,PD0935,선식,양곡,선식류,L0033,M0141
935,PD0936,일반미,양곡,쌀,L0033,M0177
936,PD0937,기능성미,양곡,쌀,L0033,M0177
937,PD0938,즉석도정미,양곡,쌀,L0033,M0177
938,PD0939,일반기능미,양곡,쌀,L0033,M0177
939,PD0940,곡물선물세트,양곡,양곡선물세트,L0033,M0188
940,PD0941,보리,양곡,잡곡,L0033,M0275
941,PD0942,현미,양곡,잡곡,L0033,M0275
942,PD0943,찹쌀,양곡,잡곡,L0033,M0275
943,PD0944,흑미,양곡,잡곡,L0033,M0275
944,PD0945,콩,양곡,잡곡,L0033,M0275
945,PD0946,조/수수,양곡,잡곡,L0033,M0275
946,PD0947,혼합잡곡,양곡,잡곡,L0033,M0275
947,PD0948,기타잡곡류,양곡,잡곡,L0033,M0275
948,PD0949,여성티셔츠/탑,여성의류,여성의류상의,L0034,M0201
949,PD0950,여성남방셔츠,여성의류,여성의류상의,L0034,M0201
950,PD0951,여성블라우스,여성의류,여성의류상의,L0034,M0201
951,PD0952,여성베스트,여성의류,여성의류상의,L0034,M0201
952,PD0953,여성가디건,여성의류,여성의류상의,L0034,M0201
953,PD0954,여성스웨터/풀오버,여성의류,여성의류상의,L0034,M0201
954,PD0955,여성스웨트셔츠/후드/집업,여성의류,여성의류상의,L0034,M0201
955,PD0956,여성정장세트,여성의류,여성의류세트,L0034,M0202
956,PD0957,기타여성의류세트,여성의류,여성의류세트,L0034,M0202
957,PD0958,여성코트,여성의류,여성의류아우터,L0034,M0203
958,PD0959,여성재킷,여성의류,여성의류아우터,L0034,M0203
959,PD0960,여성패딩,여성의류,여성의류아우터,L0034,M0203
960,PD0961,여성점퍼,여성의류,여성의류아우터,L0034,M0203
961,PD0962,여성사파리,여성의류,여성의류아우터,L0034,M0203
962,PD0963,여성트렌치코트,여성의류,여성의류아우터,L0034,M0203
963,PD0964,기타여성의류아우터,여성의류,여성의류아우터,L0034,M0203
964,PD0965,여성원피스,여성의류,여성의류전신,L0034,M0204
965,PD0966,여성점프수트/오버롤,여성의류,여성의류전신,L0034,M0204
966,PD0967,여성바지,여성의류,여성의류하의,L0034,M0205
967,PD0968,여성스커트,여성의류,여성의류하의,L0034,M0205
968,PD0969,여성청바지,여성의류,여성의류하의,L0034,M0205
969,PD0970,여성레깅스,여성의류,여성의류하의,L0034,M0205
970,PD0971,여성패션트레이닝복,여성의류,여성특수목적의류,L0034,M0208
971,PD0972,여성한복,여성의류,여성특수목적의류,L0034,M0208
972,PD0973,여성코스튬,여성의류,여성특수목적의류,L0034,M0208
973,PD0974,기타여성특수목적의류,여성의류,여성특수목적의류,L0034,M0208
974,PD0975,여성피혁의류,여성의류,여성특수소재의류,L0034,M0209
975,PD0976,여성밍크의류,여성의류,여성특수소재의류,L0034,M0209
976,PD0977,여성기타모피의류,여성의류,여성특수소재의류,L0034,M0209
977,PD0978,숙박,여행/레저서비스,여행/레저,L0035,M0219
978,PD0979,문화/공연입장권,여행/레저서비스,이용권/입장권,L0035,M0263
979,PD0980,스파/워터파크이용권,여행/레저서비스,이용권/입장권,L0035,M0263
980,PD0981,놀이동산이용권,여행/레저서비스,이용권/입장권,L0035,M0263
981,PD0982,스키/보드이용권,여행/레저서비스,이용권/입장권,L0035,M0263
982,PD0983,기타이용권,여행/레저서비스,이용권/입장권,L0035,M0263
983,PD0984,DVD플레이어,영상/음향가전,DVD/홈시어터,L0036,M0001
984,PD0985,프로젝터,영상/음향가전,DVD/홈시어터,L0036,M0001
985,PD0986,사운드바,영상/음향가전,DVD/홈시어터,L0036,M0001
986,PD0987,기타DVD/홈시어터액세서리,영상/음향가전,DVD/홈시어터,L0036,M0001
987,PD0988,LED,영상/음향가전,TV,L0036,M0002
988,PD0989,UHD,영상/음향가전,TV,L0036,M0002
989,PD0990,TV장식장/거치대,영상/음향가전,TV,L0036,M0002
990,PD0991,기타TV,영상/음향가전,TV,L0036,M0002
991,PD0992,리모컨/액세서리,영상/음향가전,TV,L0036,M0002
992,PD0993,OLED,영상/음향가전,TV,L0036,M0002
993,PD0994,MP3,영상/음향가전,소형디지털가전,L0036,M0151
994,PD0995,보이스레코더,영상/음향가전,소형디지털가전,L0036,M0151
995,PD0996,소형디지털가전액세서리,영상/음향가전,소형디지털가전,L0036,M0151
996,PD0997,콤포넌트,영상/음향가전,오디오,L0036,M0224
997,PD0998,CDP/카세트,영상/음향가전,오디오,L0036,M0224
998,PD0999,라디오/튜너,영상/음향가전,오디오,L0036,M0224
999,PD1000,앰프/스피커,영상/음향가전,오디오,L0036,M0224
1000,PD1001,뮤직센터,영상/음향가전,오디오,L0036,M0224
1001,PD1002,오디오액세서리,영상/음향가전,오디오,L0036,M0224
1002,PD1003,DSLR,영상/음향가전,카메라/캠코더,L0036,M0314
1003,PD1004,컴팩트,영상/음향가전,카메라/캠코더,L0036,M0314
1004,PD1005,미러리스,영상/음향가전,카메라/캠코더,L0036,M0314
1005,PD1006,하이앤드,영상/음향가전,카메라/캠코더,L0036,M0314
1006,PD1007,기타카메라,영상/음향가전,카메라/캠코더,L0036,M0314
1007,PD1008,카메라액세서리,영상/음향가전,카메라/캠코더,L0036,M0314
1008,PD1009,캠코더,영상/음향가전,카메라/캠코더,L0036,M0314
1009,PD1010,기타광학기기,영상/음향가전,카메라/캠코더,L0036,M0314
1010,PD1011,퍼즐,완구,교육완구,L0037,M0029
1011,PD1012,보드게임,완구,교육완구,L0037,M0029
1012,PD1013,블록,완구,교육완구,L0037,M0029
1013,PD1014,레고,완구,교육완구,L0037,M0029
1014,PD1015,일반교육완구,완구,교육완구,L0037,M0029
1015,PD1016,자연/과학완구,완구,교육완구,L0037,M0029
1016,PD1017,음악/악기완구,완구,교육완구,L0037,M0029
1017,PD1018,미술/창작완구,완구,교육완구,L0037,M0029
1018,PD1019,전자교육완구,완구,교육완구,L0037,M0029
1019,PD1020,미니자동차,완구,남아완구,L0037,M0070
1020,PD1021,기차/레일완구,완구,남아완구,L0037,M0070
1021,PD1022,피규어,완구,남아완구,L0037,M0070
1022,PD1023,조립/프라모델,완구,남아완구,L0037,M0070
1023,PD1024,무선조종,완구,남아완구,L0037,M0070
1024,PD1025,롤플레잉완구,완구,남아완구,L0037,M0070
1025,PD1026,전동승용물,완구,승용완구,L0037,M0169
1026,PD1027,스포츠완구,완구,실외놀이/스포츠완구,L0037,M0176
1027,PD1028,실외놀이완구,완구,실외놀이/스포츠완구,L0037,M0176
1028,PD1029,물놀이용품,완구,실외놀이/스포츠완구,L0037,M0176
1029,PD1030,플레이세트,완구,실외놀이/스포츠완구,L0037,M0176
1030,PD1031,할로윈완구,완구,실외놀이/스포츠완구,L0037,M0176
1031,PD1032,봉제인형,완구,여아완구,L0037,M0211
1032,PD1033,패션인형,완구,여아완구,L0037,M0211
1033,PD1034,콜렉션인형,완구,여아완구,L0037,M0211
1034,PD1035,여아드레스및소품,완구,여아완구,L0037,M0211
1035,PD1036,역할놀이,완구,여아완구,L0037,M0211
1036,PD1037,DIY완구,완구,여아완구,L0037,M0211
1037,PD1038,비디오게임기,완구,전자/비디오게임,L0037,M0282
1038,PD1039,비디오게임액세서리,완구,전자/비디오게임,L0037,M0282
1039,PD1040,비디오게임소프트웨어,완구,전자/비디오게임,L0037,M0282
1040,PD1041,기타전자/비디오게임,완구,전자/비디오게임,L0037,M0282
1041,PD1042,고양이사료,원예/애완,고양이용품,L0038,M0021
1042,PD1043,고양이간식,원예/애완,고양이용품,L0038,M0021
1043,PD1044,고양이건강용품,원예/애완,고양이용품,L0038,M0021
1044,PD1045,고양이목욕/위생용품,원예/애완,고양이용품,L0038,M0021
1045,PD1046,고양이모래/배변용품,원예/애완,고양이용품,L0038,M0021
1046,PD1047,고양이캣타워/실내용품,원예/애완,고양이용품,L0038,M0021
1047,PD1048,고양이식기/급수,원예/애완,고양이용품,L0038,M0021
1048,PD1049,고양이장난감,원예/애완,고양이용품,L0038,M0021
1049,PD1050,고양이이동장,원예/애완,고양이용품,L0038,M0021
1050,PD1051,관상어,원예/애완,기타애완동물,L0038,M0044
1051,PD1052,파충류,원예/애완,기타애완동물,L0038,M0044
1052,PD1053,관상어용품,원예/애완,기타애완동물,L0038,M0044
1053,PD1054,관상조용품,원예/애완,기타애완동물,L0038,M0044
1054,PD1055,곤충용품,원예/애완,기타애완동물,L0038,M0044
1055,PD1056,파충류용품,원예/애완,기타애완동물,L0038,M0044
1056,PD1057,설치류용품,원예/애완,기타애완동물,L0038,M0044
1057,PD1058,미용/스파,원예/애완,동물병원,L0038,M0090
1058,PD1059,분양,원예/애완,동물병원,L0038,M0090
1059,PD1060,진료/수술,원예/애완,동물병원,L0038,M0090
1060,PD1061,처방사료,원예/애완,동물병원,L0038,M0090
1061,PD1062,호텔,원예/애완,동물병원,L0038,M0090
1062,PD1063,훈련,원예/애완,동물병원,L0038,M0090
1063,PD1064,애견사료,원예/애완,애견용품,L0038,M0184
1064,PD1065,애견간식,원예/애완,애견용품,L0038,M0184
1065,PD1066,애견건강용품,원예/애완,애견용품,L0038,M0184
1066,PD1067,애견목욕/위생용품,원예/애완,애견용품,L0038,M0184
1067,PD1068,애견배변용품,원예/애완,애견용품,L0038,M0184
1068,PD1069,애견주거/실내용품,원예/애완,애견용품,L0038,M0184
1069,PD1070,애견식기/물병,원예/애완,애견용품,L0038,M0184
1070,PD1071,애견의류/악세서리,원예/애완,애견용품,L0038,M0184
1071,PD1072,애견장난감/훈련,원예/애완,애견용품,L0038,M0184
1072,PD1073,애견이동장,원예/애완,애견용품,L0038,M0184
1073,PD1074,원예식물,원예/애완,원예,L0038,M0235
1074,PD1075,모종/씨앗,원예/애완,원예,L0038,M0235
1075,PD1076,조화,원예/애완,원예,L0038,M0235
1076,PD1077,배양토/영양제/비료,원예/애완,원예,L0038,M0235
1077,PD1078,화분/화분받침,원예/애완,원예용품,L0038,M0236
1078,PD1079,원예공구/살수용품,원예/애완,원예용품,L0038,M0236
1079,PD1080,기타원예용품,원예/애완,원예용품,L0038,M0236
1080,PD1081,남아티셔츠/탑,유아동의류,남아의류상의,L0039,M0071
1081,PD1082,남아셔츠,유아동의류,남아의류상의,L0039,M0071
1082,PD1083,남아베스트,유아동의류,남아의류상의,L0039,M0071
1083,PD1084,남아가디건,유아동의류,남아의류상의,L0039,M0071
1084,PD1085,남아스웨터/풀오버,유아동의류,남아의류상의,L0039,M0071
1085,PD1086,남아스웨트셔츠/후드/집업,유아동의류,남아의류상의,L0039,M0071
1086,PD1087,남아의류세트,유아동의류,남아의류세트,L0039,M0072
1087,PD1088,남아코트,유아동의류,남아의류아우터,L0039,M0073
1088,PD1089,남아재킷,유아동의류,남아의류아우터,L0039,M0073
1089,PD1090,남아패딩,유아동의류,남아의류아우터,L0039,M0073
1090,PD1091,남아점퍼,유아동의류,남아의류아우터,L0039,M0073
1091,PD1092,기타남아의류아우터,유아동의류,남아의류아우터,L0039,M0073
1092,PD1093,남아점프수트/오버롤,유아동의류,남아의류전신,L0039,M0074
1093,PD1094,남아바지,유아동의류,남아의류하의,L0039,M0075
1094,PD1095,남아청바지,유아동의류,남아의류하의,L0039,M0075
1095,PD1096,남아레깅스,유아동의류,남아의류하의,L0039,M0075
1096,PD1097,남아한복,유아동의류,남아특수목적의류,L0039,M0076
1097,PD1098,남아코스튬,유아동의류,남아특수목적의류,L0039,M0076
1098,PD1099,기타남아특수목적의류,유아동의류,남아특수목적의류,L0039,M0076
1099,PD1100,남아피혁의류,유아동의류,남아특수소재의류,L0039,M0077
1100,PD1101,여아티셔츠/탑,유아동의류,여아의류상의,L0039,M0212
1101,PD1102,여아남방셔츠,유아동의류,여아의류상의,L0039,M0212
1102,PD1103,여아블라우스,유아동의류,여아의류상의,L0039,M0212
1103,PD1104,여아베스트,유아동의류,여아의류상의,L0039,M0212
1104,PD1105,여아가디건,유아동의류,여아의류상의,L0039,M0212
1105,PD1106,여아스웨터/풀오버,유아동의류,여아의류상의,L0039,M0212
1106,PD1107,여아스웨트셔츠/후드/집업,유아동의류,여아의류상의,L0039,M0212
1107,PD1108,기타여아특수목적의류,유아동의류,여아의류세트,L0039,M0213
1108,PD1109,여아의류세트,유아동의류,여아의류세트,L0039,M0213
1109,PD1110,여아코트,유아동의류,여아의류아우터,L0039,M0214
1110,PD1111,여아재킷,유아동의류,여아의류아우터,L0039,M0214
1111,PD1112,여아패딩,유아동의류,여아의류아우터,L0039,M0214
1112,PD1113,여아점퍼,유아동의류,여아의류아우터,L0039,M0214
1113,PD1114,기타여아아우터,유아동의류,여아의류아우터,L0039,M0214
1114,PD1115,여아원피스,유아동의류,여아의류전신,L0039,M0215
1115,PD1116,여아점프수트/오버롤,유아동의류,여아의류전신,L0039,M0215
1116,PD1117,여아한복,유아동의류,여아의류특수목적의류,L0039,M0216
1117,PD1118,여아코스튬,유아동의류,여아의류특수목적의류,L0039,M0216
1118,PD1119,여아바지,유아동의류,여아의류하의,L0039,M0217
1119,PD1120,여아스커트,유아동의류,여아의류하의,L0039,M0217
1120,PD1121,여아청바지,유아동의류,여아의류하의,L0039,M0217
1121,PD1122,여아레깅스,유아동의류,여아의류하의,L0039,M0217
1122,PD1123,여아피혁의류,유아동의류,여아특수소재의류,L0039,M0218
1123,PD1124,여아모피의류,유아동의류,여아특수소재의류,L0039,M0218
1124,PD1125,배냇저고리,유아동의류,유아의류상의,L0039,M0253
1125,PD1126,영유아티셔츠/탑,유아동의류,유아의류상의,L0039,M0253
1126,PD1127,영유아남방셔츠,유아동의류,유아의류상의,L0039,M0253
1127,PD1128,영유아블라우스,유아동의류,유아의류상의,L0039,M0253
1128,PD1129,영유아베스트,유아동의류,유아의류상의,L0039,M0253
1129,PD1130,영유아가디건,유아동의류,유아의류상의,L0039,M0253
1130,PD1131,영유아스웨터/풀오버,유아동의류,유아의류상의,L0039,M0253
1131,PD1132,영유아스웨트셔츠/후드/집업,유아동의류,유아의류상의,L0039,M0253
1132,PD1133,영유아의류세트,유아동의류,유아의류세트,L0039,M0254
1133,PD1134,영유아코트,유아동의류,유아의류아우터,L0039,M0255
1134,PD1135,영유아재킷,유아동의류,유아의류아우터,L0039,M0255
1135,PD1136,영유아점퍼,유아동의류,유아의류아우터,L0039,M0255
1136,PD1137,영유아패딩,유아동의류,유아의류아우터,L0039,M0255
1137,PD1138,기타영유아아우터,유아동의류,유아의류아우터,L0039,M0255
1138,PD1139,영유아원피스,유아동의류,유아의류전신,L0039,M0256
1139,PD1140,영유아점프수트/오버롤,유아동의류,유아의류전신,L0039,M0256
1140,PD1141,우주복,유아동의류,유아의류전신,L0039,M0256
1141,PD1142,영유아바지,유아동의류,유아의류하의,L0039,M0257
1142,PD1143,영유아청바지,유아동의류,유아의류하의,L0039,M0257
1143,PD1144,영유아스커트,유아동의류,유아의류하의,L0039,M0257
1144,PD1145,영유아레깅스,유아동의류,유아의류하의,L0039,M0257
1145,PD1146,영유아패션트레이닝복,유아동의류,유아특수목적의류,L0039,M0258
1146,PD1147,기타영유아특수목적의류,유아동의류,유아특수목적의류,L0039,M0258
1147,PD1148,유아과자,유아식품,유아간식,L0040,M0239
1148,PD1149,유아음료,유아식품,유아간식,L0040,M0239
1149,PD1150,분유,유아식품,유아식,L0040,M0250
1150,PD1151,이유식,유아식품,유아식,L0040,M0250
1151,PD1152,가공우유,유제품,가공유,L0041,M0003
1152,PD1153,일반요구르트,유제품,요구르트,L0041,M0228
1153,PD1154,마시는요구르트,유제품,요구르트,L0041,M0228
1154,PD1155,떠먹는요구르트,유제품,요구르트,L0041,M0228
1155,PD1156,일반우유,유제품,우유,L0041,M0233
1156,PD1157,기능성우유,유제품,우유,L0041,M0233
1157,PD1158,크림/연유,유제품,유가공품,L0041,M0238
1158,PD1159,버터/마가린,유제품,유가공품,L0041,M0238
1159,PD1160,치즈,유제품,유가공품,L0041,M0238
1160,PD1161,과일음료,음료,과채음료,L0042,M0027
1161,PD1162,채소음료,음료,과채음료,L0042,M0027
1162,PD1163,과채혼합음료,음료,과채음료,L0042,M0027
1163,PD1164,어린이음료,음료,과채음료,L0042,M0027
1164,PD1165,스포츠음료,음료,기능성음료,L0042,M0036
1165,PD1166,비타민/에너지음료,음료,기능성음료,L0042,M0036
1166,PD1167,식이섬유음료,음료,기능성음료,L0042,M0036
1167,PD1168,한방음료,음료,기능성음료,L0042,M0036
1168,PD1169,숙취해소음료,음료,기능성음료,L0042,M0036
1169,PD1170,기타기능성음료,음료,기능성음료,L0042,M0036
1170,PD1171,일반두유,음료,두유,L0042,M0092
1171,PD1172,유아두유,음료,두유,L0042,M0092
1172,PD1173,생수,음료,생수,L0042,M0136
1173,PD1174,탄산수,음료,생수,L0042,M0136
1174,PD1175,기능성음료세트,음료,음료세트,L0042,M0260
1175,PD1176,과채음료세트,음료,음료세트,L0042,M0260
1176,PD1177,기타음료세트,음료,음료세트,L0042,M0260
1177,PD1178,파우치/즉석음료,음료,즉석음료류,L0042,M0301
1178,PD1179,일반차음료,음료,차음료,L0042,M0304
1179,PD1180,전통차음료,음료,차음료,L0042,M0304
1180,PD1181,커피음료,음료,커피음료,L0042,M0320
1181,PD1182,사이다,음료,탄산음료,L0042,M0324
1182,PD1183,콜라,음료,탄산음료,L0042,M0324
1183,PD1184,혼합탄산,음료,탄산음료,L0042,M0324
1184,PD1185,벽지,인테리어/조명,벽면/바닥용품,L0043,M0118
1185,PD1186,바닥재,인테리어/조명,벽면/바닥용품,L0043,M0118
1186,PD1187,시트지,인테리어/조명,벽면/바닥용품,L0043,M0118
1187,PD1188,방풍/단열/방충,인테리어/조명,벽면/바닥용품,L0043,M0118
1188,PD1189,시계,인테리어/조명,장식용품,L0043,M0279
1189,PD1190,액자,인테리어/조명,장식용품,L0043,M0279
1190,PD1191,거울,인테리어/조명,장식용품,L0043,M0279
1191,PD1192,장식소품,인테리어/조명,장식용품,L0043,M0279
1192,PD1193,미술공예품,인테리어/조명,장식용품,L0043,M0279
1193,PD1194,장식스탠드,인테리어/조명,조명용품,L0043,M0291
1194,PD1195,테이블스탠드,인테리어/조명,조명용품,L0043,M0291
1195,PD1196,조명등기구,인테리어/조명,조명용품,L0043,M0291
1196,PD1197,일반램프,인테리어/조명,조명용품,L0043,M0291
1197,PD1198,LED램프,인테리어/조명,조명용품,L0043,M0291
1198,PD1199,특수램프,인테리어/조명,조명용품,L0043,M0291
1199,PD1200,플래쉬/랜턴,인테리어/조명,조명용품,L0043,M0291
1200,PD1201,커튼,인테리어/조명,커튼/블라인드류,L0043,M0318
1201,PD1202,블라인드/버티컬,인테리어/조명,커튼/블라인드류,L0043,M0318
1202,PD1203,롤스크린,인테리어/조명,커튼/블라인드류,L0043,M0318
1203,PD1204,캐노피,인테리어/조명,커튼/블라인드류,L0043,M0318
1204,PD1205,커튼링/커튼봉/부속품,인테리어/조명,커튼/블라인드류,L0043,M0318
1205,PD1206,필터류,자동차용품,교환/정비용품,L0044,M0030
1206,PD1207,와이퍼,자동차용품,교환/정비용품,L0044,M0030
1207,PD1208,오일/첨가제,자동차용품,교환/정비용품,L0044,M0030
1208,PD1209,타이어,자동차용품,교환/정비용품,L0044,M0030
1209,PD1210,카페인트,자동차용품,교환/정비용품,L0044,M0030
1210,PD1211,차량용전구,자동차용품,교환/정비용품,L0044,M0030
1211,PD1212,실내DIY용품,자동차용품,교환/정비용품,L0044,M0030
1212,PD1213,기타자동차정비용품,자동차용품,교환/정비용품,L0044,M0030
1213,PD1214,세차도구,자동차용품,세차용품,L0044,M0144
1214,PD1215,세차수건,자동차용품,세차용품,L0044,M0144
1215,PD1216,털이개,자동차용품,세차용품,L0044,M0144
1216,PD1217,컴파운드,자동차용품,세차용품,L0044,M0144
1217,PD1218,코팅/왁스류,자동차용품,세차용품,L0044,M0144
1218,PD1219,차량용세정제,자동차용품,세차용품,L0044,M0144
1219,PD1220,워셔액,자동차용품,세차용품,L0044,M0144
1220,PD1221,청소기/광택기,자동차용품,세차용품,L0044,M0144
1221,PD1222,카시트,자동차용품,시트/쿠션/매트,L0044,M0173
1222,PD1223,카매트,자동차용품,시트/쿠션/매트,L0044,M0173
1223,PD1224,스노우체인,자동차용품,안전보호용품,L0044,M0182
1224,PD1225,제설용품,자동차용품,안전보호용품,L0044,M0182
1225,PD1226,차량용방향/제취제,자동차용품,액세서리편의용품,L0044,M0185
1226,PD1227,수납/정리용품,자동차용품,액세서리편의용품,L0044,M0185
1227,PD1228,미러류,자동차용품,액세서리편의용품,L0044,M0185
1228,PD1229,햇빛차단용품,자동차용품,액세서리편의용품,L0044,M0185
1229,PD1230,핸들용품,자동차용품,액세서리편의용품,L0044,M0185
1230,PD1231,알림판,자동차용품,액세서리편의용품,L0044,M0185
1231,PD1232,휴대폰용품,자동차용품,액세서리편의용품,L0044,M0185
1232,PD1233,실내액세서리편의용품,자동차용품,액세서리편의용품,L0044,M0185
1233,PD1234,실외액세서리편의용품,자동차용품,액세서리편의용품,L0044,M0185
1234,PD1235,오토바이액세서리,자동차용품,오토바이,L0044,M0225
1235,PD1236,블랙박스,자동차용품,자동차음향/가전기기,L0044,M0273
1236,PD1237,네비게이션,자동차용품,자동차음향/가전기기,L0044,M0273
1237,PD1238,하이패스,자동차용품,자동차음향/가전기기,L0044,M0273
1238,PD1239,차량용충전기,자동차용품,자동차음향/가전기기,L0044,M0273
1239,PD1240,기타자동차가전기기,자동차용품,자동차음향/가전기기,L0044,M0273
1240,PD1241,김밥,조리식품,냉장조리,L0045,M0085
1241,PD1242,롤,조리식품,냉장조리,L0045,M0085
1242,PD1243,삼각김밥,조리식품,냉장조리,L0045,M0085
1243,PD1244,초밥류,조리식품,냉장조리,L0045,M0085
1244,PD1245,도시락,조리식품,냉장조리,L0045,M0085
1245,PD1246,샐러드,조리식품,냉장조리,L0045,M0085
1246,PD1247,샌드위치,조리식품,냉장조리,L0045,M0085
1247,PD1248,햄버거,조리식품,냉장조리,L0045,M0085
1248,PD1249,기타냉장조리,조리식품,냉장조리,L0045,M0085
1249,PD1250,냉장조리원부재료,조리식품,냉장조리,L0045,M0085
1250,PD1251,요리떡,조리식품,떡,L0045,M0095
1251,PD1252,일반떡,조리식품,떡,L0045,M0095
1252,PD1253,식빵류,조리식품,베이커리,L0045,M0116
1253,PD1254,페스츄리류,조리식품,베이커리,L0045,M0116
1254,PD1255,베이커리일반빵,조리식품,베이커리,L0045,M0116
1255,PD1256,도넛,조리식품,베이커리,L0045,M0116
1256,PD1257,선물류,조리식품,베이커리,L0045,M0116
1257,PD1258,쿠키류,조리식품,베이커리,L0045,M0116
1258,PD1259,케이크,조리식품,베이커리,L0045,M0116
1259,PD1260,베이커리원부재료,조리식품,베이커리,L0045,M0116
1260,PD1261,치킨류,조리식품,온장조리,L0045,M0226
1261,PD1262,튀김류,조리식품,온장조리,L0045,M0226
1262,PD1263,꼬치류,조리식품,온장조리,L0045,M0226
1263,PD1264,훈제/로스트,조리식품,온장조리,L0045,M0226
1264,PD1265,족발,조리식품,온장조리,L0045,M0226
1265,PD1266,순대,조리식품,온장조리,L0045,M0226
1266,PD1267,피자,조리식품,온장조리,L0045,M0226
1267,PD1268,즉석어묵,조리식품,온장조리,L0045,M0226
1268,PD1269,기타온장조리,조리식품,온장조리,L0045,M0226
1269,PD1270,온장조리원부재료,조리식품,온장조리,L0045,M0226
1270,PD1271,즉석젓갈류,조리식품,즉석반찬,L0045,M0300
1271,PD1272,즉석김치류,조리식품,즉석반찬,L0045,M0300
1272,PD1273,즉석조림반찬,조리식품,즉석반찬,L0045,M0300
1273,PD1274,즉석볶음반찬,조리식품,즉석반찬,L0045,M0300
1274,PD1275,즉석무침반찬,조리식품,즉석반찬,L0045,M0300
1275,PD1276,즉석국탕,조리식품,즉석반찬,L0045,M0300
1276,PD1277,즉석나물/부침,조리식품,즉석반찬,L0045,M0300
1277,PD1278,즉석반찬원부재료,조리식품,즉석반찬,L0045,M0300
1278,PD1279,밀가루,조미료,분말류,L0046,M0124
1279,PD1280,빵가루,조미료,분말류,L0046,M0124
1280,PD1281,부침가루,조미료,분말류,L0046,M0124
1281,PD1282,튀김가루,조미료,분말류,L0046,M0124
1282,PD1283,곡물가루,조미료,분말류,L0046,M0124
1283,PD1284,기타분말류,조미료,분말류,L0046,M0124
1284,PD1285,케첩,조미료,소스류,L0046,M0149
1285,PD1286,마요네즈,조미료,소스류,L0046,M0149
1286,PD1287,상온드레싱,조미료,소스류,L0046,M0149
1287,PD1288,양념소스,조미료,소스류,L0046,M0149
1288,PD1289,국물용소스,조미료,소스류,L0046,M0149
1289,PD1290,파스타소스,조미료,소스류,L0046,M0149
1290,PD1291,고기양념장,조미료,소스류,L0046,M0149
1291,PD1292,콩기름,조미료,식용유류,L0046,M0175
1292,PD1293,옥수수기름,조미료,식용유류,L0046,M0175
1293,PD1294,참기름/들기름,조미료,식용유류,L0046,M0175
1294,PD1295,즉석기름,조미료,식용유류,L0046,M0175
1295,PD1296,올리브유,조미료,식용유류,L0046,M0175
1296,PD1297,포도씨유,조미료,식용유류,L0046,M0175
1297,PD1298,카놀라유,조미료,식용유류,L0046,M0175
1298,PD1299,해바라기씨유,조미료,식용유류,L0046,M0175
1299,PD1300,기타식용유,조미료,식용유류,L0046,M0175
1300,PD1301,간장,조미료,장류,L0046,M0278
1301,PD1302,된장,조미료,장류,L0046,M0278
1302,PD1303,고추장,조미료,장류,L0046,M0278
1303,PD1304,쌈장,조미료,장류,L0046,M0278
1304,PD1305,기타장류,조미료,장류,L0046,M0278
1305,PD1306,소금,조미료,조미료류,L0046,M0292
1306,PD1307,설탕,조미료,조미료류,L0046,M0292
1307,PD1308,물엿/시럽,조미료,조미료류,L0046,M0292
1308,PD1309,식초,조미료,조미료류,L0046,M0292
1309,PD1310,음용식초,조미료,조미료류,L0046,M0292
1310,PD1311,맛술,조미료,조미료류,L0046,M0292
1311,PD1312,액젓,조미료,조미료류,L0046,M0292
1312,PD1313,가공조미료,조미료,조미료류,L0046,M0292
1313,PD1314,자연조미료,조미료,조미료류,L0046,M0292
1314,PD1315,액상조미료,조미료,조미료류,L0046,M0292
1315,PD1316,식용유세트,조미료,조미료세트,L0046,M0293
1316,PD1317,조미혼합세트,조미료,조미료세트,L0046,M0293
1317,PD1318,기타조미료세트,조미료,조미료세트,L0046,M0293
1318,PD1319,도넛가루/핫케이크가루,조미료,프리믹스,L0046,M0334
1319,PD1320,호떡믹스,조미료,프리믹스,L0046,M0334
1320,PD1321,빵믹스,조미료,프리믹스,L0046,M0334
1321,PD1322,아이스크림믹스,조미료,프리믹스,L0046,M0334
1322,PD1323,기타프리믹스,조미료,프리믹스,L0046,M0334
1323,PD1324,고춧가루,조미료,향신료,L0046,M0343
1324,PD1325,후추,조미료,향신료,L0046,M0343
1325,PD1326,겨자/고추냉이,조미료,향신료,L0046,M0343
1326,PD1327,깨,조미료,향신료,L0046,M0343
1327,PD1328,허브류,조미료,향신료,L0046,M0343
1328,PD1329,기타향신료,조미료,향신료,L0046,M0343
1329,PD1330,국산맥주,주류,맥주,L0047,M0099
1330,PD1331,수입맥주,주류,맥주,L0047,M0099
1331,PD1332,무알콜맥주,주류,맥주,L0047,M0099
1332,PD1333,일반소주,주류,소주,L0047,M0150
1333,PD1334,칵테일소주,주류,소주,L0047,M0150
1334,PD1335,담금소주,주류,소주,L0047,M0150
1335,PD1336,위스키,주류,양주,L0047,M0190
1336,PD1337,브랜디/꼬냑,주류,양주,L0047,M0190
1337,PD1338,리큐르,주류,양주,L0047,M0190
1338,PD1339,기타양주,주류,양주,L0047,M0190
1339,PD1340,레드와인,주류,와인,L0047,M0227
1340,PD1341,화이트와인,주류,와인,L0047,M0227
1341,PD1342,스파클링와인,주류,와인,L0047,M0227
1342,PD1343,막걸리,주류,전통주,L0047,M0285
1343,PD1344,청주,주류,전통주,L0047,M0285
1344,PD1345,과실주/담금주,주류,전통주,L0047,M0285
1345,PD1346,중국술,주류,전통주,L0047,M0285
1346,PD1347,일본술,주류,전통주,L0047,M0285
1347,PD1348,기타전통주,주류,전통주,L0047,M0285
1348,PD1349,와인세트,주류,주류세트,L0047,M0294
1349,PD1350,양주세트,주류,주류세트,L0047,M0294
1350,PD1351,전통주세트,주류,주류세트,L0047,M0294
1351,PD1352,생활잡화균일가,주방잡화,잡화균일가,L0048,M0276
1352,PD1353,주방칼/가위,주방잡화,조리도구,L0048,M0290
1353,PD1354,채칼/강판/절구,주방잡화,조리도구,L0048,M0290
1354,PD1355,도마,주방잡화,조리도구,L0048,M0290
1355,PD1356,국자/뒤지개/주걱,주방잡화,조리도구,L0048,M0290
1356,PD1357,오프너/와인스크류,주방잡화,조리도구,L0048,M0290
1357,PD1358,양푼/믹싱볼,주방잡화,조리도구,L0048,M0290
1358,PD1359,채반/바구니/쟁반,주방잡화,조리도구,L0048,M0290
1359,PD1360,계량도구,주방잡화,조리도구,L0048,M0290
1360,PD1361,얼음/빙수용품,주방잡화,조리도구,L0048,M0290
1361,PD1362,제빵용품,주방잡화,조리도구,L0048,M0290
1362,PD1363,커피용품,주방잡화,조리도구,L0048,M0290
1363,PD1364,기타조리도구,주방잡화,조리도구,L0048,M0290
1364,PD1365,조리도구세트,주방잡화,조리도구,L0048,M0290
1365,PD1366,종이컵,주방잡화,주방일회용품,L0048,M0298
1366,PD1367,일회용용기,주방잡화,주방일회용품,L0048,M0298
1367,PD1368,일회용젓가락/숟가락,주방잡화,주방일회용품,L0048,M0298
1368,PD1369,기타주방일회용품,주방잡화,주방일회용품,L0048,M0298
1369,PD1370,식기건조대/수저통,주방잡화,주방정리용품/소모품,L0048,M0299
1370,PD1371,주방선반/걸이대,주방잡화,주방정리용품/소모품,L0048,M0299
1371,PD1372,고무장갑,주방잡화,주방정리용품/소모품,L0048,M0299
1372,PD1373,수세미/솔,주방잡화,주방정리용품/소모품,L0048,M0299
1373,PD1374,행주,주방잡화,주방정리용품/소모품,L0048,M0299
1374,PD1375,호일/랩/기름종이,주방잡화,주방정리용품/소모품,L0048,M0299
1375,PD1376,지퍼백/비닐백,주방잡화,주방정리용품/소모품,L0048,M0299
1376,PD1377,비닐장갑,주방잡화,주방정리용품/소모품,L0048,M0299
1377,PD1378,싱크대/배수구용품,주방잡화,주방정리용품/소모품,L0048,M0299
1378,PD1379,장바구니,주방잡화,주방정리용품/소모품,L0048,M0299
1379,PD1380,핸드카트,주방잡화,주방정리용품/소모품,L0048,M0299
1380,PD1381,교자상/다용도상,주방잡화,주방정리용품/소모품,L0048,M0299
1381,PD1382,테이블데코,주방잡화,주방정리용품/소모품,L0048,M0299
1382,PD1383,기타주방정리용품/소모품,주방잡화,주방정리용품/소모품,L0048,M0299
1383,PD1384,생나물류,채소,나물류,L0049,M0049
1384,PD1385,삶은나물류,채소,나물류,L0049,M0049
1385,PD1386,건나물류,채소,나물류,L0049,M0049
1386,PD1387,두부류,채소,두부/콩나물류,L0049,M0091
1387,PD1388,연두부류,채소,두부/콩나물류,L0049,M0091
1388,PD1389,묵류,채소,두부/콩나물류,L0049,M0091
1389,PD1390,콩나물,채소,두부/콩나물류,L0049,M0091
1390,PD1391,숙주나물,채소,두부/콩나물류,L0049,M0091
1391,PD1392,느타리버섯류,채소,버섯류,L0049,M0115
1392,PD1393,새송이버섯류,채소,버섯류,L0049,M0115
1393,PD1394,양송이버섯류,채소,버섯류,L0049,M0115
1394,PD1395,송이버섯류,채소,버섯류,L0049,M0115
1395,PD1396,팽이버섯류,채소,버섯류,L0049,M0115
1396,PD1397,표고버섯류,채소,버섯류,L0049,M0115
1397,PD1398,건버섯류,채소,버섯류,L0049,M0115
1398,PD1399,모둠버섯,채소,버섯류,L0049,M0115
1399,PD1400,기타버섯류,채소,버섯류,L0049,M0115
1400,PD1401,감자,채소,뿌리채소,L0049,M0129
1401,PD1402,고구마,채소,뿌리채소,L0049,M0129
1402,PD1403,당근,채소,뿌리채소,L0049,M0129
1403,PD1404,무,채소,뿌리채소,L0049,M0129
1404,PD1405,열무,채소,뿌리채소,L0049,M0129
1405,PD1406,알타리무,채소,뿌리채소,L0049,M0129
1406,PD1407,생강,채소,뿌리채소,L0049,M0129
1407,PD1408,연근,채소,뿌리채소,L0049,M0129
1408,PD1409,우엉,채소,뿌리채소,L0049,M0129
1409,PD1410,마,채소,뿌리채소,L0049,M0129
1410,PD1411,기타뿌리채소,채소,뿌리채소,L0049,M0129
1411,PD1412,양배추,채소,양채류,L0049,M0191
1412,PD1413,미니양배추,채소,양채류,L0049,M0191
1413,PD1414,양상추,채소,양채류,L0049,M0191
1414,PD1415,브로콜리,채소,양채류,L0049,M0191
1415,PD1416,컬리플라워,채소,양채류,L0049,M0191
1416,PD1417,샐러드류,채소,양채류,L0049,M0191
1417,PD1418,기타양채류,채소,양채류,L0049,M0191
1418,PD1419,가지,채소,열매채소,L0049,M0222
1419,PD1420,고추,채소,열매채소,L0049,M0222
1420,PD1421,건고추,채소,열매채소,L0049,M0222
1421,PD1422,오이,채소,열매채소,L0049,M0222
1422,PD1423,옥수수,채소,열매채소,L0049,M0222
1423,PD1424,파프리카/피망,채소,열매채소,L0049,M0222
1424,PD1425,단호박,채소,열매채소,L0049,M0222
1425,PD1426,애호박,채소,열매채소,L0049,M0222
1426,PD1427,기타열매채소,채소,열매채소,L0049,M0222
1427,PD1428,갓,채소,잎채소,L0049,M0272
1428,PD1429,마늘,채소,잎채소,L0049,M0272
1429,PD1430,미나리,채소,잎채소,L0049,M0272
1430,PD1431,배추,채소,잎채소,L0049,M0272
1431,PD1432,봄동,채소,잎채소,L0049,M0272
1432,PD1433,얼갈이,채소,잎채소,L0049,M0272
1433,PD1434,절임배추,채소,잎채소,L0049,M0272
1434,PD1435,부추,채소,잎채소,L0049,M0272
1435,PD1436,상추,채소,잎채소,L0049,M0272
1436,PD1437,시금치,채소,잎채소,L0049,M0272
1437,PD1438,양파,채소,잎채소,L0049,M0272
1438,PD1439,대파,채소,잎채소,L0049,M0272
1439,PD1440,쪽파류,채소,잎채소,L0049,M0272
1440,PD1441,쌈채소류,채소,잎채소,L0049,M0272
1441,PD1442,쑥갓,채소,잎채소,L0049,M0272
1442,PD1443,깻잎,채소,잎채소,L0049,M0272
1443,PD1444,근대/아욱,채소,잎채소,L0049,M0272
1444,PD1445,기타잎채소,채소,잎채소,L0049,M0272
1445,PD1446,더덕선물세트,채소,채소선물세트,L0049,M0305
1446,PD1447,버섯선물세트,채소,채소선물세트,L0049,M0305
1447,PD1448,수삼선물세트,채소,채소선물세트,L0049,M0305
1448,PD1449,혼합채소선물세트,채소,채소선물세트,L0049,M0305
1449,PD1450,인삼류,채소,한방약재,L0049,M0337
1450,PD1451,황기,채소,한방약재,L0049,M0337
1451,PD1452,당귀,채소,한방약재,L0049,M0337
1452,PD1453,감초/계피,채소,한방약재,L0049,M0337
1453,PD1454,기타한방약재,채소,한방약재,L0049,M0337
1454,PD1455,약용버섯류,채소,한방약재,L0049,M0337
1455,PD1456,빨래건조대,청소/세탁/욕실용품,세탁/건조용품,L0050,M0145
1456,PD1457,다림판,청소/세탁/욕실용품,세탁/건조용품,L0050,M0145
1457,PD1458,세탁/건조보조용품,청소/세탁/욕실용품,세탁/건조용품,L0050,M0145
1458,PD1459,수건,청소/세탁/욕실용품,욕실용품,L0050,M0229
1459,PD1460,목욕타올,청소/세탁/욕실용품,욕실용품,L0050,M0229
1460,PD1461,목욕가운,청소/세탁/욕실용품,욕실용품,L0050,M0229
1461,PD1462,샤워커튼,청소/세탁/욕실용품,욕실용품,L0050,M0229
1462,PD1463,욕실발판,청소/세탁/욕실용품,욕실용품,L0050,M0229
1463,PD1464,변기시트/커버,청소/세탁/욕실용품,욕실용품,L0050,M0229
1464,PD1465,욕실화,청소/세탁/욕실용품,욕실용품,L0050,M0229
1465,PD1466,욕실소품,청소/세탁/욕실용품,욕실용품,L0050,M0229
1466,PD1467,욕실수납용품,청소/세탁/욕실용품,욕실용품,L0050,M0229
1467,PD1468,욕실청소용품,청소/세탁/욕실용품,욕실용품,L0050,M0229
1468,PD1469,수도용품,청소/세탁/욕실용품,욕실용품,L0050,M0229
1469,PD1470,이불/옷커버류,청소/세탁/욕실용품,정리용품,L0050,M0287
1470,PD1471,이불/옷압축팩,청소/세탁/욕실용품,정리용품,L0050,M0287
1471,PD1472,플라스틱서랍장,청소/세탁/욕실용품,정리용품,L0050,M0287
1472,PD1473,공간박스,청소/세탁/욕실용품,정리용품,L0050,M0287
1473,PD1474,바구니,청소/세탁/욕실용품,정리용품,L0050,M0287
1474,PD1475,옷걸이,청소/세탁/욕실용품,정리용품,L0050,M0287
1475,PD1476,선반/걸이,청소/세탁/욕실용품,정리용품,L0050,M0287
1476,PD1477,기타정리용품,청소/세탁/욕실용품,정리용품,L0050,M0287
1477,PD1478,밀대청소기,청소/세탁/욕실용품,청소용품,L0050,M0308
1478,PD1479,걸레/청소포,청소/세탁/욕실용품,청소용품,L0050,M0308
1479,PD1480,빗자루/쓰레받이,청소/세탁/욕실용품,청소용품,L0050,M0308
1480,PD1481,휴지통,청소/세탁/욕실용품,청소용품,L0050,M0308
1481,PD1482,테이프크리너,청소/세탁/욕실용품,청소용품,L0050,M0308
1482,PD1483,무세제크리너,청소/세탁/욕실용품,청소용품,L0050,M0308
1483,PD1484,종량제봉투,청소/세탁/욕실용품,청소용품,L0050,M0308
1484,PD1485,기타청소용품,청소/세탁/욕실용품,청소용품,L0050,M0308
1485,PD1486,일반계란,축산물,계란류,L0051,M0020
1486,PD1487,가공계란,축산물,계란류,L0051,M0020
1487,PD1488,일반메추리알,축산물,계란류,L0051,M0020
1488,PD1489,가공메추리알,축산물,계란류,L0051,M0020
1489,PD1490,기타란,축산물,계란류,L0051,M0020
1490,PD1491,국산돼지안심,축산물,국산돼지고기,L0051,M0033
1491,PD1492,국산돼지등심,축산물,국산돼지고기,L0051,M0033
1492,PD1493,국산돼지등심덧살,축산물,국산돼지고기,L0051,M0033
1493,PD1494,국산돼지목심,축산물,국산돼지고기,L0051,M0033
1494,PD1495,국산돼지앞다리,축산물,국산돼지고기,L0051,M0033
1495,PD1496,국산돼지사태,축산물,국산돼지고기,L0051,M0033
1496,PD1497,국산돼지항정살,축산물,국산돼지고기,L0051,M0033
1497,PD1498,국산돼지뒷다리,축산물,국산돼지고기,L0051,M0033
1498,PD1499,국산돼지삼겹살,축산물,국산돼지고기,L0051,M0033
1499,PD1500,국산돼지갈매기살,축산물,국산돼지고기,L0051,M0033
1500,PD1501,국산돼지등갈비,축산물,국산돼지고기,L0051,M0033
1501,PD1502,국산돼지갈비,축산물,국산돼지고기,L0051,M0033
1502,PD1503,국산돼지부산물,축산물,국산돼지고기,L0051,M0033
1503,PD1504,한우안심,축산물,국산소고기,L0051,M0034
1504,PD1505,한우등심,축산물,국산소고기,L0051,M0034
1505,PD1506,한우채끝,축산물,국산소고기,L0051,M0034
1506,PD1507,한우목심,축산물,국산소고기,L0051,M0034
1507,PD1508,한우앞다리,축산물,국산소고기,L0051,M0034
1508,PD1509,한우우둔,축산물,국산소고기,L0051,M0034
1509,PD1510,한우설도,축산물,국산소고기,L0051,M0034
1510,PD1511,한우양지,축산물,국산소고기,L0051,M0034
1511,PD1512,한우사태,축산물,국산소고기,L0051,M0034
1512,PD1513,한우갈비,축산물,국산소고기,L0051,M0034
1513,PD1514,한우부산물,축산물,국산소고기,L0051,M0034
1514,PD1515,한우정육,축산물,국산소고기,L0051,M0034
1515,PD1516,한우지육,축산물,국산소고기,L0051,M0034
1516,PD1517,양고기,축산물,기타고기류,L0051,M0039
1517,PD1518,육포류,축산물,기타고기류,L0051,M0039
1518,PD1519,기타고기,축산물,기타고기류,L0051,M0039
1519,PD1520,수입산소갈비,축산물,기타국소고기,L0051,M0041
1520,PD1521,수입산소목심,축산물,기타국소고기,L0051,M0041
1521,PD1522,수입산소등심,축산물,기타국소고기,L0051,M0041
1522,PD1523,수입산소안심,축산물,기타국소고기,L0051,M0041
1523,PD1524,수입산소앞다리,축산물,기타국소고기,L0051,M0041
1524,PD1525,수입산소양지,축산물,기타국소고기,L0051,M0041
1525,PD1526,수입산소토시살,축산물,기타국소고기,L0051,M0041
1526,PD1527,수입산소기타육,축산물,기타국소고기,L0051,M0041
1527,PD1528,삼계탕용닭,축산물,닭고기류,L0051,M0089
1528,PD1529,볶음탕용닭,축산물,닭고기류,L0051,M0089
1529,PD1530,닭다리,축산물,닭고기류,L0051,M0089
1530,PD1531,닭가슴살,축산물,닭고기류,L0051,M0089
1531,PD1532,닭안심,축산물,닭고기류,L0051,M0089
1532,PD1533,닭아랫날개(윙),축산물,닭고기류,L0051,M0089
1533,PD1534,닭윗날개(봉),축산물,닭고기류,L0051,M0089
1534,PD1535,닭근위,축산물,닭고기류,L0051,M0089
1535,PD1536,닭정육,축산물,닭고기류,L0051,M0089
1536,PD1537,오리고기,축산물,닭고기류,L0051,M0089
1537,PD1538,미국산소갈비,축산물,미국산소고기,L0051,M0106
1538,PD1539,미국산소목심,축산물,미국산소고기,L0051,M0106
1539,PD1540,미국산소등심,축산물,미국산소고기,L0051,M0106
1540,PD1541,미국산소채끝,축산물,미국산소고기,L0051,M0106
1541,PD1542,미국산소앞다리,축산물,미국산소고기,L0051,M0106
1542,PD1543,미국산소양지,축산물,미국산소고기,L0051,M0106
1543,PD1544,미국산소토시살,축산물,미국산소고기,L0051,M0106
1544,PD1545,미국산소기타육,축산물,미국산소고기,L0051,M0106
1545,PD1546,수입돼지삼겹살,축산물,수입돼지고기,L0051,M0162
1546,PD1547,수입돼지목심,축산물,수입돼지고기,L0051,M0162
1547,PD1548,수입돼지정육,축산물,수입돼지고기,L0051,M0162
1548,PD1549,닭/오리양념육,축산물,양념육,L0051,M0189
1549,PD1550,돼지양념육,축산물,양념육,L0051,M0189
1550,PD1551,소양념육,축산물,양념육,L0051,M0189
1551,PD1552,기타양념육,축산물,양념육,L0051,M0189
1552,PD1553,양고기양념육,축산물,양념육,L0051,M0189
1553,PD1554,부산물양념육,축산물,양념육,L0051,M0189
1554,PD1555,돈가스,축산물,육가공품,L0051,M0259
1555,PD1556,육가공소시지,축산물,육가공품,L0051,M0259
1556,PD1557,스테이크,축산물,육가공품,L0051,M0259
1557,PD1558,육가공햄류,축산물,육가공품,L0051,M0259
1558,PD1559,양념육선물세트,축산물,축산선물세트,L0051,M0312
1559,PD1560,한우선물세트,축산물,축산선물세트,L0051,M0312
1560,PD1561,수입소고기선물세트,축산물,축산선물세트,L0051,M0312
1561,PD1562,돼지고기선물세트,축산물,축산선물세트,L0051,M0312
1562,PD1563,육가공품선물세트,축산물,축산선물세트,L0051,M0312
1563,PD1564,호주산소갈비,축산물,호주산소고기,L0051,M0346
1564,PD1565,호주산소목심,축산물,호주산소고기,L0051,M0346
1565,PD1566,호주산소등심,축산물,호주산소고기,L0051,M0346
1566,PD1567,호주산소채끝,축산물,호주산소고기,L0051,M0346
1567,PD1568,호주산소안심,축산물,호주산소고기,L0051,M0346
1568,PD1569,호주산소설도,축산물,호주산소고기,L0051,M0346
1569,PD1570,호주산소앞다리,축산물,호주산소고기,L0051,M0346
1570,PD1571,호주산소양지,축산물,호주산소고기,L0051,M0346
1571,PD1572,호주산소우둔,축산물,호주산소고기,L0051,M0346
1572,PD1573,호주산소사태,축산물,호주산소고기,L0051,M0346
1573,PD1574,호주산소안창살,축산물,호주산소고기,L0051,M0346
1574,PD1575,호주산소토시살,축산물,호주산소고기,L0051,M0346
1575,PD1576,호주산소기타육,축산물,호주산소고기,L0051,M0346
1576,PD1577,유아용세척용품,출산/육아용품,수유/이유용품,L0052,M0160
1577,PD1578,젖병소독/건조용품,출산/육아용품,수유/이유용품,L0052,M0160
1578,PD1579,젖병/젖꼭지,출산/육아용품,수유/이유용품,L0052,M0160
1579,PD1580,수유패드/보조용품,출산/육아용품,수유/이유용품,L0052,M0160
1580,PD1581,모유보관용품,출산/육아용품,수유/이유용품,L0052,M0160
1581,PD1582,이유식용품,출산/육아용품,수유/이유용품,L0052,M0160
1582,PD1583,유아건강보조제,출산/육아용품,수유/이유용품,L0052,M0160
1583,PD1584,출산/신생아용품세트,출산/육아용품,수유/이유용품,L0052,M0160
1584,PD1585,바운서/쏘서/보행기,출산/육아용품,유아발육용품,L0052,M0248
1585,PD1586,치아발육기/딸랑이,출산/육아용품,유아발육용품,L0052,M0248
1586,PD1587,모빌,출산/육아용품,유아발육용품,L0052,M0248
1587,PD1588,촉각놀이/오뚝이,출산/육아용품,유아발육용품,L0052,M0248
1588,PD1589,붕붕카/스프링카/흔들말,출산/육아용품,유아발육용품,L0052,M0248
1589,PD1590,아기띠/캐리어,출산/육아용품,유아발육용품,L0052,M0248
1590,PD1591,유아용욕조,출산/육아용품,유아발육용품,L0052,M0248
1591,PD1592,유아변기/배변훈련기,출산/육아용품,유아발육용품,L0052,M0248
1592,PD1593,목욕용장난감,출산/육아용품,유아발육용품,L0052,M0248
1593,PD1594,유아용화장품,출산/육아용품,유아스킨/바디케어,L0052,M0249
1594,PD1595,기저귀크림/파우더,출산/육아용품,유아스킨/바디케어,L0052,M0249
1595,PD1596,유아용화장품세트,출산/육아용품,유아스킨/바디케어,L0052,M0249
1596,PD1597,유모차,출산/육아용품,유아안전용품,L0052,M0251
1597,PD1598,유아용카시트/매트,출산/육아용품,유아안전용품,L0052,M0251
1598,PD1599,놀이방매트,출산/육아용품,유아안전용품,L0052,M0251
1599,PD1600,기타유아안전용품,출산/육아용품,유아안전용품,L0052,M0251
1600,PD1601,유아용샴푸/바디워시,출산/육아용품,유아위생용품,L0052,M0252
1601,PD1602,유아/아동용치약,출산/육아용품,유아위생용품,L0052,M0252
1602,PD1603,유아/아동용칫솔,출산/육아용품,유아위생용품,L0052,M0252
1603,PD1604,유아목욕용품,출산/육아용품,유아위생용품,L0052,M0252
1604,PD1605,유아용기저귀,출산/육아용품,유아위생용품,L0052,M0252
1605,PD1606,유아용물티슈,출산/육아용품,유아위생용품,L0052,M0252
1606,PD1607,임산부바디케어,출산/육아용품,임산부케어용품,L0052,M0271
1607,PD1608,임산부스킨케어,출산/육아용품,임산부케어용품,L0052,M0271
1608,PD1609,성인이불/이불커버,침구/수예,성인침구,L0053,M0143
1609,PD1610,성인요/요커버,침구/수예,성인침구,L0053,M0143
1610,PD1611,성인침구매트,침구/수예,성인침구,L0053,M0143
1611,PD1612,성인패드/스프레드,침구/수예,성인침구,L0053,M0143
1612,PD1613,성인베개/베개커버,침구/수예,성인침구,L0053,M0143
1613,PD1614,성인담요,침구/수예,성인침구,L0053,M0143
1614,PD1615,성인침대커버/스커트,침구/수예,성인침구,L0053,M0143
1615,PD1616,성인매트리스커버,침구/수예,성인침구,L0053,M0143
1616,PD1617,성인침구속통/솜,침구/수예,성인침구,L0053,M0143
1617,PD1618,성인침구세트,침구/수예,성인침구,L0053,M0143
1618,PD1619,쿠션/쿠션커버,침구/수예,수예소품,L0053,M0157
1619,PD1620,방석/방석커버,침구/수예,수예소품,L0053,M0157
1620,PD1621,무릎담요,침구/수예,수예소품,L0053,M0157
1621,PD1622,거실화/실내화,침구/수예,수예소품,L0053,M0157
1622,PD1623,거실수예소품,침구/수예,수예소품,L0053,M0157
1623,PD1624,주방수예소품,침구/수예,수예소품,L0053,M0157
1624,PD1625,수예소품속통/솜,침구/수예,수예소품,L0053,M0157
1625,PD1626,여름자리,침구/수예,수예시즌소품,L0053,M0158
1626,PD1627,모기장,침구/수예,수예시즌소품,L0053,M0158
1627,PD1628,원단,침구/수예,수예용품,L0053,M0159
1628,PD1629,수예장식품,침구/수예,수예용품,L0053,M0159
1629,PD1630,수예소모품,침구/수예,수예용품,L0053,M0159
1630,PD1631,수예도구,침구/수예,수예용품,L0053,M0159
1631,PD1632,반짇고리/세트,침구/수예,수예용품,L0053,M0159
1632,PD1633,유아동이불/이불커버,침구/수예,유아동침구,L0053,M0246
1633,PD1634,유아동요/요커버,침구/수예,유아동침구,L0053,M0246
1634,PD1635,유아동침구매트,침구/수예,유아동침구,L0053,M0246
1635,PD1636,유아동패드/스프레드,침구/수예,유아동침구,L0053,M0246
1636,PD1637,유아동베개/베개커버,침구/수예,유아동침구,L0053,M0246
1637,PD1638,유아동담요,침구/수예,유아동침구,L0053,M0246
1638,PD1639,유아동침구속통/솜,침구/수예,유아동침구,L0053,M0246
1639,PD1640,유아동침구세트,침구/수예,유아동침구,L0053,M0246
1640,PD1641,카페트,침구/수예,카페트/러그/매트류,L0053,M0315
1641,PD1642,러그,침구/수예,카페트/러그/매트류,L0053,M0315
1642,PD1643,일반매트,침구/수예,카페트/러그/매트류,L0053,M0315
1643,PD1644,티백/드립원두커피,커피/차,원두커피,L0054,M0234
1644,PD1645,캡슐원두커피,커피/차,원두커피,L0054,M0234
1645,PD1646,분쇄/홀빈원두커피,커피/차,원두커피,L0054,M0234
1646,PD1647,스틱원두커피,커피/차,원두커피,L0054,M0234
1647,PD1648,용기/리필커피,커피/차,인스턴트커피,L0054,M0265
1648,PD1649,믹스커피,커피/차,인스턴트커피,L0054,M0265
1649,PD1650,아이스믹스커피,커피/차,인스턴트커피,L0054,M0265
1650,PD1651,컵커피차류,커피/차,인스턴트커피,L0054,M0265
1651,PD1652,커피크리머,커피/차,인스턴트커피,L0054,M0265
1652,PD1653,식수용차,커피/차,차류,L0054,M0303
1653,PD1654,녹차/홍차,커피/차,차류,L0054,M0303
1654,PD1655,과실차,커피/차,차류,L0054,M0303
1655,PD1656,곡물/견과차,커피/차,차류,L0054,M0303
1656,PD1657,허브/꽃차,커피/차,차류,L0054,M0303
1657,PD1658,전통/한방차,커피/차,차류,L0054,M0303
1658,PD1659,코코아,커피/차,차류,L0054,M0303
1659,PD1660,아이스티,커피/차,차류,L0054,M0303
1660,PD1661,요거트티,커피/차,차류,L0054,M0303
1661,PD1662,커피세트,커피/차,커피/차세트,L0054,M0319
1662,PD1663,차세트,커피/차,커피/차세트,L0054,M0319
1663,PD1664,데스크탑/올인원PC,컴퓨터,컴퓨터/노트북,L0055,M0321
1664,PD1665,모니터,컴퓨터,컴퓨터/노트북,L0055,M0321
1665,PD1666,노트북,컴퓨터,컴퓨터/노트북,L0055,M0321
1666,PD1667,태블릿PC,컴퓨터,컴퓨터/노트북,L0055,M0321
1667,PD1668,저장장치,컴퓨터,컴퓨터주변기기,L0055,M0322
1668,PD1669,프린터/복합기/스캐너,컴퓨터,컴퓨터주변기기,L0055,M0322
1669,PD1670,키보드,컴퓨터,컴퓨터주변기기,L0055,M0322
1670,PD1671,마우스,컴퓨터,컴퓨터주변기기,L0055,M0322
1671,PD1672,PC부품,컴퓨터,컴퓨터주변기기,L0055,M0322
1672,PD1673,잉크/토너,컴퓨터,컴퓨터주변기기,L0055,M0322
1673,PD1674,소프트웨어,컴퓨터,컴퓨터주변기기,L0055,M0322
1674,PD1675,스피커,컴퓨터,컴퓨터주변기기,L0055,M0322
1675,PD1676,공유기,컴퓨터,컴퓨터주변기기,L0055,M0322
1676,PD1677,기타컴퓨터액세서리,컴퓨터,컴퓨터주변기기,L0055,M0322
1677,PD1678,기프트샵,테넌트/음식점,비식품테넌트,L0056,M0127
1678,PD1679,사진관,테넌트/음식점,비식품테넌트,L0056,M0127
1679,PD1680,소극장,테넌트/음식점,비식품테넌트,L0056,M0127
1680,PD1681,안경점,테넌트/음식점,비식품테넌트,L0056,M0127
1681,PD1682,유원시설,테넌트/음식점,비식품테넌트,L0056,M0127
1682,PD1683,한식,테넌트/음식점,식당,L0056,M0174
1683,PD1684,양식,테넌트/음식점,식당,L0056,M0174
1684,PD1685,일식,테넌트/음식점,식당,L0056,M0174
1685,PD1686,중식,테넌트/음식점,식당,L0056,M0174
1686,PD1687,동남아식,테넌트/음식점,식당,L0056,M0174
1687,PD1688,분식,테넌트/음식점,식당,L0056,M0174
1688,PD1689,디저트,테넌트/음식점,식당,L0056,M0174
1689,PD1690,베이커리,테넌트/음식점,식당,L0056,M0174
1690,PD1691,뷔페,테넌트/음식점,식당,L0056,M0174
1691,PD1692,커피/음료,테넌트/음식점,식당,L0056,M0174
1692,PD1693,패스트푸드,테넌트/음식점,식당,L0056,M0174
1693,PD1694,푸드코트한식,테넌트/음식점,푸드코트,L0056,M0333
1694,PD1695,푸드코트양식,테넌트/음식점,푸드코트,L0056,M0333
1695,PD1696,푸드코트일식,테넌트/음식점,푸드코트,L0056,M0333
1696,PD1697,푸드코트중식,테넌트/음식점,푸드코트,L0056,M0333
1697,PD1698,푸드코트분식,테넌트/음식점,푸드코트,L0056,M0333
1698,PD1699,푸드코트컨세션,테넌트/음식점,푸드코트,L0056,M0333
1699,PD1700,가방세트,패션잡화,가방세트,L0057,M0004
1700,PD1701,키홀더,패션잡화,기타지갑,L0057,M0045
1701,PD1702,동전지갑,패션잡화,기타지갑,L0057,M0045
1702,PD1703,여권/통장지갑,패션잡화,기타지갑,L0057,M0045
1703,PD1704,남성숄더/크로스백,패션잡화,남성가방,L0057,M0052
1704,PD1705,남성클러치백,패션잡화,남성가방,L0057,M0052
1705,PD1706,남성백팩,패션잡화,남성가방,L0057,M0052
1706,PD1707,남성서류가방,패션잡화,남성가방,L0057,M0052
1707,PD1708,남성일반지갑,패션잡화,남성지갑,L0057,M0064
1708,PD1709,남성카드/명함지갑,패션잡화,남성지갑,L0057,M0064
1709,PD1710,남성머니클립,패션잡화,남성지갑,L0057,M0064
1710,PD1711,넥타이,패션잡화,남성패션액세서리,L0057,M0068
1711,PD1712,행커치프,패션잡화,남성패션액세서리,L0057,M0068
1712,PD1713,남성부츠,패션잡화,남성화,L0057,M0069
1713,PD1714,남성로퍼,패션잡화,남성화,L0057,M0069
1714,PD1715,남성슬립온,패션잡화,남성화,L0057,M0069
1715,PD1716,남성샌들,패션잡화,남성화,L0057,M0069
1716,PD1717,남성슬리퍼,패션잡화,남성화,L0057,M0069
1717,PD1718,남성정장화,패션잡화,남성화,L0057,M0069
1718,PD1719,남성스니커즈,패션잡화,남성화,L0057,M0069
1719,PD1720,남성레인부츠/슈즈,패션잡화,남성화,L0057,M0069
1720,PD1721,남성컴포트화,패션잡화,남성화,L0057,M0069
1721,PD1722,남성방한화,패션잡화,남성화,L0057,M0069
1722,PD1723,남성신발부속품,패션잡화,남성화,L0057,M0069
1723,PD1724,기타남성화,패션잡화,남성화,L0057,M0069
1724,PD1725,아동모,패션잡화,모자,L0057,M0105
1725,PD1726,썬캡,패션잡화,모자,L0057,M0105
1726,PD1727,비니,패션잡화,모자,L0057,M0105
1727,PD1728,야구모자,패션잡화,모자,L0057,M0105
1728,PD1729,스냅백,패션잡화,모자,L0057,M0105
1729,PD1730,군모,패션잡화,모자,L0057,M0105
1730,PD1731,방한모,패션잡화,모자,L0057,M0105
1731,PD1732,벙거지,패션잡화,모자,L0057,M0105
1732,PD1733,헤드웨어,패션잡화,모자,L0057,M0105
1733,PD1734,기타모자,패션잡화,모자,L0057,M0105
1734,PD1735,여성벨트,패션잡화,벨트,L0057,M0117
1735,PD1736,남성벨트,패션잡화,벨트,L0057,M0117
1736,PD1737,아동벨트,패션잡화,벨트,L0057,M0117
1737,PD1738,멜빵,패션잡화,벨트,L0057,M0117
1738,PD1739,반지,패션잡화,보석,L0057,M0120
1739,PD1740,목걸이,패션잡화,보석,L0057,M0120
1740,PD1741,펜던트,패션잡화,보석,L0057,M0120
1741,PD1742,귀걸이,패션잡화,보석,L0057,M0120
1742,PD1743,팔찌,패션잡화,보석,L0057,M0120
1743,PD1744,발찌,패션잡화,보석,L0057,M0120
1744,PD1745,브로치,패션잡화,보석,L0057,M0120
1745,PD1746,순금/순은/장식품,패션잡화,보석,L0057,M0120
1746,PD1747,원석,패션잡화,보석,L0057,M0120
1747,PD1748,보석기념품,패션잡화,보석,L0057,M0120
1748,PD1749,보석세트,패션잡화,보석,L0057,M0120
1749,PD1750,기타보석류,패션잡화,보석,L0057,M0120
1750,PD1751,여성시계,패션잡화,시계,L0057,M0170
1751,PD1752,남성시계,패션잡화,시계,L0057,M0170
1752,PD1753,캐쥬얼시계,패션잡화,시계,L0057,M0170
1753,PD1754,유아동시계,패션잡화,시계,L0057,M0170
1754,PD1755,스포츠시계,패션잡화,시계,L0057,M0170
1755,PD1756,시계세트,패션잡화,시계,L0057,M0170
1756,PD1757,시계부속품,패션잡화,시계,L0057,M0170
1757,PD1758,여성선글라스,패션잡화,안경/선글라스,L0057,M0180
1758,PD1759,남성선글라스,패션잡화,안경/선글라스,L0057,M0180
1759,PD1760,유아동선글라스,패션잡화,안경/선글라스,L0057,M0180
1760,PD1761,안경테,패션잡화,안경/선글라스,L0057,M0180
1761,PD1762,안경소품,패션잡화,안경/선글라스,L0057,M0180
1762,PD1763,여성숄더백,패션잡화,여성가방,L0057,M0194
1763,PD1764,여성토트백,패션잡화,여성가방,L0057,M0194
1764,PD1765,여성크로스백,패션잡화,여성가방,L0057,M0194
1765,PD1766,여성클러치백,패션잡화,여성가방,L0057,M0194
1766,PD1767,여성백팩,패션잡화,여성가방,L0057,M0194
1767,PD1768,여성힙색,패션잡화,여성가방,L0057,M0194
1768,PD1769,여성가방액세서리,패션잡화,여성가방,L0057,M0194
1769,PD1770,여성일반지갑,패션잡화,여성지갑,L0057,M0207
1770,PD1771,여성카드/명함지갑,패션잡화,여성지갑,L0057,M0207
1771,PD1772,여성부츠,패션잡화,여성화,L0057,M0210
1772,PD1773,여성플랫,패션잡화,여성화,L0057,M0210
1773,PD1774,여성로퍼,패션잡화,여성화,L0057,M0210
1774,PD1775,여성슬립온,패션잡화,여성화,L0057,M0210
1775,PD1776,여성펌프스,패션잡화,여성화,L0057,M0210
1776,PD1777,여성오픈토,패션잡화,여성화,L0057,M0210
1777,PD1778,여성슬링백,패션잡화,여성화,L0057,M0210
1778,PD1779,여성샌들,패션잡화,여성화,L0057,M0210
1779,PD1780,여성쪼리,패션잡화,여성화,L0057,M0210
1780,PD1781,여성슬리퍼,패션잡화,여성화,L0057,M0210
1781,PD1782,여성스니커즈,패션잡화,여성화,L0057,M0210
1782,PD1783,여성레인부츠/슈즈,패션잡화,여성화,L0057,M0210
1783,PD1784,여성컴포트화,패션잡화,여성화,L0057,M0210
1784,PD1785,여성방한화,패션잡화,여성화,L0057,M0210
1785,PD1786,여성신발부속품,패션잡화,여성화,L0057,M0210
1786,PD1787,기타여성화,패션잡화,여성화,L0057,M0210
1787,PD1788,캐리어,패션잡화,여행용가방류,L0057,M0220
1788,PD1789,기타여행용가방,패션잡화,여행용가방류,L0057,M0220
1789,PD1790,여행용소품,패션잡화,여행용가방류,L0057,M0220
1790,PD1791,장우산,패션잡화,우산/양산류,L0057,M0232
1791,PD1792,3단우산,패션잡화,우산/양산류,L0057,M0232
1792,PD1793,2단우산,패션잡화,우산/양산류,L0057,M0232
1793,PD1794,아동우산,패션잡화,우산/양산류,L0057,M0232
1794,PD1795,일회용우산,패션잡화,우산/양산류,L0057,M0232
1795,PD1796,양산,패션잡화,우산/양산류,L0057,M0232
1796,PD1797,우비,패션잡화,우산/양산류,L0057,M0232
1797,PD1798,유아동부츠,패션잡화,유아동화,L0057,M0247
1798,PD1799,유아동플랫,패션잡화,유아동화,L0057,M0247
1799,PD1800,유아동로퍼,패션잡화,유아동화,L0057,M0247
1800,PD1801,유아동슬립온,패션잡화,유아동화,L0057,M0247
1801,PD1802,유아동샌들,패션잡화,유아동화,L0057,M0247
1802,PD1803,유아동슬리퍼,패션잡화,유아동화,L0057,M0247
1803,PD1804,유아동스니커즈,패션잡화,유아동화,L0057,M0247
1804,PD1805,유아동레인부츠/슈즈,패션잡화,유아동화,L0057,M0247
1805,PD1806,유아동방한화,패션잡화,유아동화,L0057,M0247
1806,PD1807,유아동신발부속품,패션잡화,유아동화,L0057,M0247
1807,PD1808,기타유아동화,패션잡화,유아동화,L0057,M0247
1808,PD1809,여성장갑,패션잡화,장갑,L0057,M0277
1809,PD1810,남성장갑,패션잡화,장갑,L0057,M0277
1810,PD1811,유아동장갑,패션잡화,장갑,L0057,M0277
1811,PD1812,캐쥬얼숄더백,패션잡화,캐쥬얼가방,L0057,M0316
1812,PD1813,캐쥬얼크로스백,패션잡화,캐쥬얼가방,L0057,M0316
1813,PD1814,캐쥬얼백팩,패션잡화,캐쥬얼가방,L0057,M0316
1814,PD1815,캐쥬얼힙색,패션잡화,캐쥬얼가방,L0057,M0316
1815,PD1816,학생용가방,패션잡화,캐쥬얼가방,L0057,M0316
1816,PD1817,아동용가방,패션잡화,캐쥬얼가방,L0057,M0316
1817,PD1818,노트북가방,패션잡화,캐쥬얼가방,L0057,M0316
1818,PD1819,소품가방,패션잡화,캐쥬얼가방,L0057,M0316
1819,PD1820,스카프,패션잡화,패션액세서리,L0057,M0331
1820,PD1821,머플러,패션잡화,패션액세서리,L0057,M0331
1821,PD1822,넥워머,패션잡화,패션액세서리,L0057,M0331
1822,PD1823,열쇠고리,패션잡화,패션액세서리,L0057,M0331
1823,PD1824,손수건,패션잡화,패션액세서리,L0057,M0331
1824,PD1825,패션액세서리세트,패션잡화,패션액세서리,L0057,M0331
1825,PD1826,유아패션잡화,패션잡화,패션액세서리,L0057,M0331
1826,PD1827,기타패션잡화,패션잡화,패션액세서리,L0057,M0331
1827,PD1828,여성헤어액세서리,패션잡화,헤어액세서리,L0057,M0344
1828,PD1829,유아동헤어액세서리,패션잡화,헤어액세서리,L0057,M0344
1829,PD1830,치약,퍼스널케어,구강케어,L0058,M0031
1830,PD1831,칫솔,퍼스널케어,구강케어,L0058,M0031
1831,PD1832,전동칫솔/칫솔모,퍼스널케어,구강케어,L0058,M0031
1832,PD1833,구강청정제,퍼스널케어,구강케어,L0058,M0031
1833,PD1834,기타구강관리용품,퍼스널케어,구강케어,L0058,M0031
1834,PD1835,치약/칫솔세트,퍼스널케어,구강케어,L0058,M0031
1835,PD1836,일회용면도기,퍼스널케어,면도용품,L0058,M0101
1836,PD1837,남성용면도기/날,퍼스널케어,면도용품,L0058,M0101
1837,PD1838,쉐이빙폼/젤,퍼스널케어,면도용품,L0058,M0101
1838,PD1839,바디워시,퍼스널케어,바디케어,L0058,M0110
1839,PD1840,바디보습,퍼스널케어,바디케어,L0058,M0110
1840,PD1841,입욕제/스파제품,퍼스널케어,바디케어,L0058,M0110
1841,PD1842,바디케어세트,퍼스널케어,바디케어,L0058,M0110
1842,PD1843,바디슬리밍/리프팅,퍼스널케어,바디케어,L0058,M0110
1843,PD1844,제모용품,퍼스널케어,바디케어,L0058,M0110
1844,PD1845,데오도란트,퍼스널케어,바디케어,L0058,M0110
1845,PD1846,바디패치/팩,퍼스널케어,바디케어,L0058,M0110
1846,PD1847,생리대,퍼스널케어,여성위생용품,L0058,M0200
1847,PD1848,탐폰,퍼스널케어,여성위생용품,L0058,M0200
1848,PD1849,팬티라이너,퍼스널케어,여성위생용품,L0058,M0200
1849,PD1850,여성세정제,퍼스널케어,여성위생용품,L0058,M0200
1850,PD1851,성인용기저귀,퍼스널케어,특수위생용품,L0058,M0327
1851,PD1852,성인용일회용팬티,퍼스널케어,특수위생용품,L0058,M0327
1852,PD1853,핸드워시/손세정제,퍼스널케어,핸드/풋케어,L0058,M0340
1853,PD1854,핸드로션/크림,퍼스널케어,핸드/풋케어,L0058,M0340
1854,PD1855,풋케어,퍼스널케어,핸드/풋케어,L0058,M0340
1855,PD1856,핸드/풋케어세트,퍼스널케어,핸드/풋케어,L0058,M0340
1856,PD1857,샴푸,퍼스널케어,헤어케어,L0058,M0345
1857,PD1858,린스/컨디셔너,퍼스널케어,헤어케어,L0058,M0345
1858,PD1859,샴푸/린스세트,퍼스널케어,헤어케어,L0058,M0345
1859,PD1860,트리트먼트/팩,퍼스널케어,헤어케어,L0058,M0345
1860,PD1861,헤어에센스,퍼스널케어,헤어케어,L0058,M0345
1861,PD1862,헤어스프레이,퍼스널케어,헤어케어,L0058,M0345
1862,PD1863,헤어무스/젤,퍼스널케어,헤어케어,L0058,M0345
1863,PD1864,헤어왁스,퍼스널케어,헤어케어,L0058,M0345
1864,PD1865,염모제,퍼스널케어,헤어케어,L0058,M0345
1865,PD1866,헤어펌/코팅제,퍼스널케어,헤어케어,L0058,M0345
1866,PD1867,헤어케어선물세트,퍼스널케어,헤어케어,L0058,M0345
1867,PD1868,여행용세트,퍼스널케어,헤어케어,L0058,M0345
1868,PD1869,격투기의류/용품,헬스/피트니스,격투기,L0059,M0018
1869,PD1870,스포츠댄스의류/용품,헬스/피트니스,스포츠댄스,L0059,M0167
1870,PD1871,웨이트기구,헬스/피트니스,웨이트,L0059,M0237
1871,PD1872,웨이트용품,헬스/피트니스,웨이트,L0059,M0237
1872,PD1873,웨이트소품,헬스/피트니스,웨이트,L0059,M0237
1873,PD1874,러닝/워킹머신,헬스/피트니스,피트니스,L0059,M0335
1874,PD1875,헬스바이크,헬스/피트니스,피트니스,L0059,M0335
1875,PD1876,스텝퍼/트위스트,헬스/피트니스,피트니스,L0059,M0335
1876,PD1877,복근/벨트마사지기구,헬스/피트니스,피트니스,L0059,M0335
1877,PD1878,기타피트니스기구,헬스/피트니스,피트니스,L0059,M0335
1878,PD1879,피트니스용품,헬스/피트니스,피트니스,L0059,M0335
1879,PD1880,요가/스포츠매트,헬스/피트니스,피트니스,L0059,M0335
1880,PD1881,요가/필라테스복,헬스/피트니스,피트니스,L0059,M0335
1881,PD1882,에어로빅복,헬스/피트니스,피트니스,L0059,M0335
1882,PD1883,기타요가/필라테스소품,헬스/피트니스,피트니스,L0059,M0335
1883,PD1884,남성용클렌저,화장품/뷰티케어,남성케어,L0060,M0065
1884,PD1885,남성용스킨케어류,화장품/뷰티케어,남성케어,L0060,M0065
1885,PD1886,남성스킨케어세트,화장품/뷰티케어,남성케어,L0060,M0065
1886,PD1887,남성용선크림/메이크업류,화장품/뷰티케어,남성케어,L0060,M0065
1887,PD1888,메이크업베이스/프라이머,화장품/뷰티케어,메이크업,L0060,M0100
1888,PD1889,BB/파운데이션/컴팩트류,화장품/뷰티케어,메이크업,L0060,M0100
1889,PD1890,블러셔/쉐이딩/하이라이터,화장품/뷰티케어,메이크업,L0060,M0100
1890,PD1891,아이라이너,화장품/뷰티케어,메이크업,L0060,M0100
1891,PD1892,아이브로우,화장품/뷰티케어,메이크업,L0060,M0100
1892,PD1893,마스카라,화장품/뷰티케어,메이크업,L0060,M0100
1893,PD1894,아이섀도우,화장품/뷰티케어,메이크업,L0060,M0100
1894,PD1895,립스틱/립라이너,화장품/뷰티케어,메이크업,L0060,M0100
1895,PD1896,립글로즈/틴트,화장품/뷰티케어,메이크업,L0060,M0100
1896,PD1897,젤네일/케어류,화장품/뷰티케어,메이크업,L0060,M0100
1897,PD1898,일반네일/케어류,화장품/뷰티케어,메이크업,L0060,M0100
1898,PD1899,네일스티커/스톤류,화장품/뷰티케어,메이크업,L0060,M0100
1899,PD1900,네일세트,화장품/뷰티케어,메이크업,L0060,M0100
1900,PD1901,메이크업세트,화장품/뷰티케어,메이크업,L0060,M0100
1901,PD1902,기름종이,화장품/뷰티케어,미용소품,L0060,M0108
1902,PD1903,메탈미용소도구,화장품/뷰티케어,미용소품,L0060,M0108
1903,PD1904,속눈썹/쌍꺼풀,화장품/뷰티케어,미용소품,L0060,M0108
1904,PD1905,메이크업브러쉬,화장품/뷰티케어,미용소품,L0060,M0108
1905,PD1906,스폰지/퍼프,화장품/뷰티케어,미용소품,L0060,M0108
1906,PD1907,네일케어도구,화장품/뷰티케어,미용소품,L0060,M0108
1907,PD1908,풋케어도구,화장품/뷰티케어,미용소품,L0060,M0108
1908,PD1909,샤워/목욕도구/목욕헤어밴드,화장품/뷰티케어,미용소품,L0060,M0108
1909,PD1910,헤어브러쉬/롤,화장품/뷰티케어,미용소품,L0060,M0108
1910,PD1911,가발/부분가발,화장품/뷰티케어,미용소품,L0060,M0108
1911,PD1912,면봉/화장솜,화장품/뷰티케어,미용소품,L0060,M0108
1912,PD1913,공병/모델링팩전용도구,화장품/뷰티케어,미용소품,L0060,M0108
1913,PD1914,미용거울,화장품/뷰티케어,미용소품,L0060,M0108
1914,PD1915,선크림류,화장품/뷰티케어,선케어,L0060,M0142
1915,PD1916,태닝/애프터선케어,화장품/뷰티케어,선케어,L0060,M0142
1916,PD1917,미용비누,화장품/뷰티케어,스킨케어,L0060,M0166
1917,PD1918,페이셜클렌저,화장품/뷰티케어,스킨케어,L0060,M0166
1918,PD1919,스킨/토너,화장품/뷰티케어,스킨케어,L0060,M0166
1919,PD1920,미스트,화장품/뷰티케어,스킨케어,L0060,M0166
1920,PD1921,에멀젼/로션,화장품/뷰티케어,스킨케어,L0060,M0166
1921,PD1922,에센스/세럼,화장품/뷰티케어,스킨케어,L0060,M0166
1922,PD1923,아이케어,화장품/뷰티케어,스킨케어,L0060,M0166
1923,PD1924,크림/밤/오일,화장품/뷰티케어,스킨케어,L0060,M0166
1924,PD1925,페이셜팩류,화장품/뷰티케어,스킨케어,L0060,M0166
1925,PD1926,립밤/립스크럽,화장품/뷰티케어,스킨케어,L0060,M0166
1926,PD1927,스킨케어디바이스,화장품/뷰티케어,스킨케어,L0060,M0166
1927,PD1928,스킨케어세트,화장품/뷰티케어,스킨케어,L0060,M0166
1928,PD1929,여성향수,화장품/뷰티케어,향수,L0060,M0342
1929,PD1930,남성향수,화장품/뷰티케어,향수,L0060,M0342
1930,PD1931,남녀공용향수,화장품/뷰티케어,향수,L0060,M0342
1931,PD1932,남성향수세트,화장품/뷰티케어,향수,L0060,M0342
1932,PD1933,남녀공용향수세트,화장품/뷰티케어,향수,L0060,M0342
